fid,soil_loss_pred
1,7.563740988040691
2,12.392108479532958
3,11.1123391695879
4,3.620888651072496
5,0.5487108744585889
6,8.989327126791347
7,12.035288568914654
8,12.572411633098135
9,12.241401095840443
10,4.526371717088064
11,0.8626974700978433
12,1.1444223614582887
13,5.138526382545638
14,8.971548524918036
15,12.503817379744197
16,9.086046780264375
17,12.618056926749576
18,12.392108479532958
19,8.245271959217055
20,4.005003012502982
21,5.118672793321757
22,6.640653644979903
23,4.5653355215531635
24,11.291917291107978
25,11.3966360162793
26,5.291361348919148
27,8.024646510719519
28,5.6930690175422916
29,1.0229432121725364
30,3.93524560541715
31,2.2987233573710566
32,0.5582554733833109
34,11.318494115660128
35,12.598971231333609
36,12.607879933252892
37,11.280446034627087
38,12.35003597235557
39,12.318012984298496
40,11.952826328255794
41,12.392108479532958
42,10.376236129137846
43,5.557103712293589
44,4.691021807733242
45,4.322749628274612
46,3.0687022477739823
47,0.7309875164161406
48,0.504059156401166
49,2.4249686535504518
50,4.6212644006474095
51,9.775207830891292
52,3.782629863701387
53,4.47441003458138
54,9.39560481196826
55,10.373642781541747
56,12.581686321759584
57,12.870149265755915
58,11.961832748299386
59,12.14240417048242
60,12.43827900837157
61,12.815871695180572
62,13.93219865627042
63,14.171200929569478
64,13.594137971623022
65,10.758598740693026
66,1.4428264808067652
67,0.19010601303589464
69,11.215894729872284
70,11.26724081817244
71,11.330708660436917
72,12.426704563210203
73,12.334845118523866
74,12.74438746491165
75,11.858072687374797
76,11.990831948604217
77,12.581686321759584
78,12.159546623056137
79,11.893845118819927
80,11.86330481123493
81,12.575690206483252
82,13.065892862277632
83,12.782160637036997
84,11.952826328255794
85,12.785711819738996
86,11.893687800157966
87,12.970650842873315
88,15.281775093016192
89,12.392580427445212
90,11.499472367168336
91,13.474878709487902
92,12.39756371687455
93,12.160783328702866
94,12.680571423529289
95,13.191318822447927
96,13.601631465396743
97,13.621457436065779
98,14.479489388432992
99,13.27637824400882
100,12.815871695180572
101,4.398563190042483
102,-0.8072937817418891
104,11.816436237080719
105,11.967143620773234
106,11.369840203960283
107,12.069743006561078
108,12.830558469217374
109,12.898339986510758
110,11.188329760215579
111,11.506765407814427
112,11.63521507495581
113,11.312227543660788
114,12.117246888999043
115,12.392108479532958
116,12.367180727951514
117,12.413351256790126
118,12.854287233600273
119,12.774547340353227
120,12.912945568997655
121,11.163625122115596
122,13.376221936006903
123,15.917390217881955
124,12.541277476683971
125,11.842171647764669
126,12.581686321759584
127,12.05140205080246
128,12.551526446318007
129,11.893845118819927
130,12.097970653043875
131,12.970323399677069
132,12.570779112455998
133,13.094045915341555
134,13.361208466567065
135,12.789642356927725
136,12.56002391527835
137,5.458133680429828
140,11.967143620773234
141,11.26724081817244
142,11.571441755182825
143,12.651322691054995
144,12.785711819738996
145,12.873595543439071
146,11.645467522345637
147,11.93075112215281
148,11.893845118819927
149,11.777814297033137
150,11.287299792079343
151,12.508475498097871
152,12.80602176185005
153,12.76198947532476
154,12.494707865320802
155,12.494707865320802
156,12.258113558608176
157,11.623026307429374
158,12.631844402003303
159,16.383884403536925
160,11.623026307429374
161,11.72756721490401
162,12.55675857017814
163,12.581686321759584
164,13.191318822447927
165,11.857666981965146
166,11.972756176776787
167,13.15076973663921
168,13.444842766791208
169,12.928499861952334
170,12.928499861952334
171,12.856050756916414
172,12.155328091361273
173,12.077810405043
176,12.41292951281425
177,10.750684544568847
178,11.972756176776787
179,13.178521029049394
180,12.432730374145583
181,11.816436237080719
182,11.429944587183964
183,12.432730374145583
184,12.71495377068072
185,12.392108479532958
186,11.492530697225964
187,11.312227543660788
188,11.312227543660788
189,12.18548796680285
190,12.414632271803033
191,12.014515792723955
192,12.51034347450579
193,11.501805385887414
194,12.172443216689524
195,12.319130170156678
196,12.027353787298745
197,13.378647624691727
198,12.490690372857774
199,12.581686321759584
200,13.634446629970933
201,13.694865106607985
202,14.096159465927231
203,13.594137971623022
204,13.860459709364836
205,13.044114216001633
206,12.252430544034965
207,12.707131032609757
208,12.361948604091381
209,11.071029746332053
213,11.587260276628436
214,10.473304130196235
215,12.090399152178488
216,11.972598797580908
217,12.023944885881063
218,12.023944885881063
219,13.353800350078012
220,12.891568439955291
221,11.893845118819927
222,11.312227543660788
223,11.188329760215579
224,11.287299792079343
225,11.726140825977879
226,12.052882653461555
227,12.55675857017814
228,13.191318822447927
229,12.052882653461555
230,11.501805385887414
231,13.127883922584733
232,12.545000862406821
233,12.010666368755453
234,12.629600385169633
235,12.651412659974717
236,13.430321095746985
237,13.537815424014381
238,14.129876574742132
239,13.890874301443075
240,13.961186844349799
241,14.116543768344709
242,14.827372491208186
243,14.284505196295367
244,13.355135698323965
245,11.62855946279635
246,11.191089425600444
249,2.848214942733171
250,3.884417026923704
251,4.099113321710824
252,3.171718823880641
253,12.3918469258081
254,13.631955634818917
255,2.1822023952862954
256,4.5134855487620404
257,4.106341710530835
258,12.527749700915447
259,11.892358654225873
260,13.621457436065779
261,13.23759643752495
262,12.72998577813206
263,12.938183407504384
264,12.354029262612205
265,12.444702178324887
266,12.0467819439396
267,11.591636405976677
268,12.160560215221405
269,11.956377510957793
270,12.18548796680285
271,12.581686321759584
272,12.077810405043
273,12.572411633098135
274,11.665750271084253
275,12.154133003951415
276,12.592487179197645
277,12.793959326275827
278,13.033851520794986
279,12.900309141197491
280,13.133821528124596
281,14.397233877590335
282,14.06606053335977
283,12.853458398310087
284,12.26439902475971
285,12.831717902757232
286,13.444842766791208
287,13.656731499961142
288,13.860459709364836
289,12.54504530465263
290,11.691289258706227
291,9.740594644379811
295,0.7488086430423527
296,11.745529649599744
297,7.28534292405552
298,11.662178971447553
299,12.394955868068616
300,12.896255432599867
301,12.65294674946878
302,12.357037510064128
303,12.620351000354018
304,5.612952002495832
305,5.214054244839846
306,11.450364479095061
307,12.771058384046533
308,10.868484899166427
309,11.306885484222558
310,12.094591521821624
311,12.926415308041443
312,13.164661724252571
313,12.892704249897868
314,12.873657769834377
315,12.763726364263903
316,12.889152324434198
317,12.763726364263903
318,12.50473664630472
319,12.940306707632457
320,12.354029262612205
321,12.603784849390564
322,12.474576770863143
323,11.666138575828425
324,10.723119574912142
325,12.494707865320802
326,11.914456356991783
327,13.150015644316742
328,12.077810405043
329,11.68210853945259
330,12.077810405043
331,12.077810405043
332,17.573911961577753
333,13.404766982387326
334,13.309873558418307
335,12.975289661965622
336,12.526955525475387
337,12.3449059335879
338,12.55675857017814
339,14.292754808602165
340,13.180444226367278
341,12.039210443074213
342,13.17934330683753
343,13.178521029049394
344,13.594137971623022
345,13.621457436065779
346,12.774547340353227
347,12.71509601082798
348,11.573511312531862
352,10.204405613944793
353,11.874295341109484
354,11.491529373548317
355,11.578934099677053
356,12.22557109578998
357,11.56431574398274
358,11.633946206045355
359,13.426219354877304
360,12.094591521821624
361,12.542554309500614
362,11.457592867915073
363,11.215894729872284
364,12.50473664630472
365,12.354029262612205
366,12.50473664630472
367,12.898339986510758
368,12.598851667557462
369,12.065454495027556
370,12.59440783617577
371,12.95136153761171
372,13.23759643752495
373,13.203077262672272
374,13.08968120348444
375,12.789648407599051
376,12.857015631683412
377,12.812320512478573
378,12.394337920960115
379,13.01063205802498
380,12.392108479532958
381,12.288087352590694
382,12.329152373393548
383,12.14240417048242
384,13.357911723268794
385,12.582508747324502
386,12.147536743258133
387,12.052882653461555
388,11.47687763430597
389,12.398878711608681
390,13.127883922584733
391,12.819923266773538
392,12.651412659974717
393,12.926411775506551
394,12.11644022998471
395,12.635721654673347
396,12.815871695180572
397,12.330353588830562
398,12.81810113660773
399,13.13004678817067
400,12.887218881115638
401,13.227283761903262
402,13.94362160816291
403,12.815871695180572
404,12.370329629042654
405,4.277498790814218
406,1.870965870109457
409,12.683868916509121
410,12.433173031600209
411,12.422842643537049
412,13.600199690786118
413,12.697478106549024
414,12.190880633787186
415,11.892358654225873
416,13.600199690786118
417,12.54677072285651
418,12.919083288258813
419,11.462242408217469
420,11.91595123246741
421,12.827724177599741
422,12.771058384046533
423,13.550104444783575
424,12.201876183918264
425,12.503817379744197
426,12.569456108133899
427,12.39531165908775
428,13.031099247740178
429,13.427334498279563
430,12.963602022590587
431,12.728364214830808
432,12.404677210572547
433,12.398862841789748
434,11.952826328255794
435,12.392108479532958
436,13.476724911973463
437,12.918471080968416
438,13.080612294762668
439,12.55675857017814
440,11.964281653842955
441,12.903742661815148
442,12.902505894731895
443,13.381454059867036
444,11.793320530409904
445,12.698350331294726
446,12.141278247307477
447,12.303188432895837
448,12.366616486947501
449,13.196113619252301
450,12.877490799814394
451,12.531452182878583
452,12.834109651919373
453,12.785711819738996
454,12.521215706978841
455,13.22520639950381
456,12.751901004147108
457,12.15277752085856
458,12.774547340353227
459,12.818464053786899
460,12.241401095840443
461,12.052882653461555
462,0.32655730712981024
463,0.19010601303589464
467,13.424115964959904
468,12.245756076173398
469,14.3374436045287
470,12.270245135084405
471,12.926415308041443
472,12.98740149075287
473,12.775707924348929
474,13.776814360060689
475,13.631955634818917
476,13.095697957533384
477,12.0319820542542
478,5.680520771007372
479,9.365518825016217
480,8.677629784017403
481,6.134678174098789
482,12.254270697985067
483,12.77232994884915
484,12.724813032128809
485,12.77232994884915
486,12.39531165908775
487,12.553976130028117
488,12.960050839888588
489,12.77232994884915
490,12.413756176480726
491,12.620524207556238
492,11.951700405080851
493,12.18548796680285
494,13.065892862277632
495,12.859272349547524
496,13.248580299795304
497,13.212106945719958
498,12.830558469217374
499,12.958923724829054
500,11.420288027584714
501,11.612578102548632
502,13.302953382996273
503,12.79907746627969
504,12.047650529601423
505,12.101716285817655
506,12.34235406947763
507,12.898577017817106
508,12.616282405436829
509,12.975289661965622
510,12.762601169013278
511,12.423153380508204
512,12.637395056452602
513,12.772996116603611
514,12.535781547279965
515,12.426704563210203
516,12.408119132929993
517,11.480506988230049
518,12.551526446318007
519,9.740594644379811
520,-0.6561232597797921
523,11.933924195269094
524,13.600199690786118
525,12.793934983089466
526,13.392145244810758
527,14.248736921797438
528,13.54787715856827
529,12.094591521821624
530,12.919083288258813
531,13.600199690786118
532,11.612949791909983
533,12.425602059079315
534,5.190760908201672
535,15.365228417299967
536,12.16886015418923
537,8.047541264243408
538,12.56062893040567
539,12.35003597235557
540,12.573007290835898
541,12.389320649201494
542,12.77232994884915
543,12.77232994884915
544,12.54339274735673
545,12.129987655217795
546,12.724813032128809
547,12.775881131551149
548,12.398862841789748
549,12.046693453070711
550,12.358397421389382
551,12.51034347450579
552,12.365791120368026
553,12.367180727951514
554,13.575605844472864
555,12.443422494113173
556,12.301573123994865
557,10.410840290925037
558,12.698350331294726
559,12.635769434676085
560,12.547975263616008
561,12.481626886027412
562,12.485178068729411
563,12.935614856779889
564,13.298604892256675
565,13.767305277270681
566,14.479489388432992
567,13.352770882295385
568,13.31144652746804
569,14.353877318007145
570,13.423783315577564
571,12.928499861952334
572,12.87522933578504
573,12.740836282209651
574,12.55675857017814
575,2.324546751528042
576,1.519036840867681
577,1.4996264845219716
578,9.58988435783997
579,12.755353146778043
580,13.249402839336465
581,13.344325461355284
582,12.697478106549024
583,12.898759784972558
584,12.094591521821624
585,13.016086497912495
586,12.398507050770615
587,12.754328155328519
588,12.734178583613607
589,12.734178583613607
590,12.649413967244696
591,10.473975677026916
592,10.2491137716919
593,8.57265076726205
594,12.39531165908775
595,12.429848954435794
596,12.429848954435794
597,12.724813032128809
598,15.649539912622506
599,17.118981860068956
600,11.303535209028288
601,11.68456995068704
602,12.755443900149814
603,12.804693915893678
604,12.069005677729555
605,12.451551946335908
606,12.317220787664032
607,12.551526446318007
608,11.377907602442205
609,11.47687763430597
610,12.874771707975142
611,12.057223114825923
612,12.32783989682331
613,12.367180727951514
614,13.244798114650283
615,12.971002792771317
616,12.125724468453049
617,12.11644022998471
618,12.282683492315988
619,12.85403580655221
620,13.005449537407198
621,14.957286004005757
622,14.982729415203096
623,14.853304956198514
624,14.116543768344709
625,15.261164311144901
626,14.16461703093377
627,14.715957563253097
628,14.853304956198514
629,14.871314487248007
630,13.014219391222374
631,2.324546751528042
632,1.3555259156858956
634,11.550063196728265
635,11.111734195145031
636,12.755353146778043
637,12.773122310007642
638,13.029014693829287
639,13.025463511127288
640,12.542554309500614
641,13.350178523689058
642,13.320018648247482
643,13.575855881423797
644,13.158438837134614
645,12.250719515283068
646,12.064348926828092
647,12.59542004863161
648,12.728364214830808
649,12.77232994884915
650,13.156107960157938
651,12.569456108133899
652,13.192280589272285
653,13.444842766791208
654,13.24503812747935
655,13.392002061413793
656,12.771058384046533
657,12.954640110996827
658,11.765090148780564
659,12.970466583074034
660,12.818464053786899
661,12.505615621167063
662,12.385973699456676
663,12.282683492315988
664,12.55675857017814
665,13.67538395451178
666,13.014219391222374
667,14.267809418585752
668,13.966059698866095
669,13.393433836024418
670,13.810348501516083
671,13.47937475967669
672,13.378647624691727
673,12.963223974712253
674,12.65469794385653
675,11.930413570460082
676,11.823861725942978
677,12.350138057448032
678,14.607744838456775
679,14.982729415203096
680,14.795758934832376
681,14.853304956198514
682,14.869339212329885
683,14.533719071293962
684,15.024696136324796
685,14.982729415203096
686,14.218102531532963
687,2.6429110367923796
688,1.0754892554459121
689,1.5123610086867632
690,1.6871115262826244
692,2.554583679114308
693,11.550063196728265
694,10.804862269016551
695,11.779652393519594
696,11.610191555542107
697,11.799332373510177
698,13.255075367825889
699,12.347898291301982
700,13.278694293420136
701,13.320018648247482
702,13.24503812747935
703,14.715957563253097
704,14.248736921797438
705,13.550104444783575
706,12.569456108133899
707,12.728364214830808
708,12.50894407905248
709,12.573007290835898
710,12.573007290835898
711,12.078536545282333
712,13.860459709364836
713,13.334700230832441
714,13.435427365817404
715,13.17934330683753
716,12.090399152178488
717,12.090399152178488
718,13.392145244810758
719,12.88029830805265
720,12.887175507124988
721,12.498008375154619
722,12.471025588161144
723,12.241401095840443
724,13.850570186428476
725,13.531048230731948
726,13.531048230731948
727,13.531048230731948
728,13.038141569867449
729,12.687442905731343
730,12.758438292622762
731,12.55675857017814
732,13.20222624801131
733,12.551526446318007
734,12.303188432895837
735,11.581185558487778
736,12.483449980390306
737,14.957286004005757
738,14.753792213710677
739,14.647716640031117
740,14.853304956198514
741,13.961186844349799
742,14.957286004005757
743,14.763309279424767
744,14.982729415203096
745,13.36504377083963
746,0.1701944884563138
747,1.6871115262826244
749,1.0210188895099008
750,12.48475090070288
751,11.481724461676889
752,12.331589931130429
753,12.645687945741235
754,11.68922869326629
755,12.677743069550905
756,13.320018648247482
757,12.800077492336868
758,12.800077492336868
759,12.65294674946878
760,11.458892133023198
761,12.589581915217753
762,13.694865106607985
763,12.354029262612205
764,12.734178583613607
765,12.734178583613607
766,12.75077697262652
767,12.535781547279965
768,13.164661724252571
769,11.489052008464775
770,12.194567367069123
771,12.775707924348929
772,13.407902371947557
773,13.631955634818917
774,13.631955634818917
775,12.090399152178488
776,13.444842766791208
777,13.473256495635953
778,12.817542672792479
779,13.114798076778955
780,12.069743006561078
781,12.392108479532958
782,13.430321095746985
783,13.32442771800184
784,13.531048230731948
785,11.63521507495581
786,12.547975263616008
787,13.235876436188844
788,12.55320738747614
789,13.13964535139267
790,13.966059698866095
791,12.933965307138276
792,12.166272415815927
793,11.694731818637637
794,13.504284173734428
795,13.464091973925475
796,14.763309279424767
797,14.369281744089312
798,15.024696136324796
799,14.116543768344709
800,14.957286004005757
801,15.024696136324796
802,14.982729415203096
803,12.9264451790304
804,0.23587399312098345
807,9.082322385565018
808,12.433768725162306
809,11.838077668528475
810,11.871204366680765
811,12.821744665208282
812,12.257369133774295
813,12.028797395705096
814,12.896255432599867
815,12.215139030072562
816,12.833027821374529
817,12.394955868068616
818,12.896255432599867
819,12.896255432599867
820,13.055970145340865
821,12.857015631683412
822,12.910800824144724
823,12.398507050770615
824,12.970319761720221
825,13.278694293420136
826,13.339387706603691
827,12.865282920321025
828,12.308766747778616
829,12.245756076173398
830,13.236645137418883
831,12.607336032092563
832,5.742036413425494
833,9.20704270772778
834,12.754328155328519
835,13.003081913139704
836,13.002789861174287
837,13.067478660690165
838,12.4862235007857
839,12.468671284331903
840,12.456802027042613
841,12.859272349547524
842,13.430321095746985
843,11.893845118819927
844,13.642955820224088
845,13.531048230731948
846,13.32442771800184
847,13.191318822447927
848,14.090689110477502
849,13.155655275160932
850,12.3449059335879
851,12.571406867907484
852,13.005449537407198
853,15.261164311144901
854,14.647716640031117
855,14.369281744089312
856,15.261164311144901
857,14.827372491208186
858,14.715957563253097
859,14.982729415203096
860,15.261164311144901
861,11.146301712564231
862,0.9464075056113899
863,1.6871115262826244
866,2.256208106354787
867,11.781623472834244
868,11.14195123568052
869,11.838077668528475
870,12.430750543287958
871,12.544363483053433
872,12.38668307064717
873,12.369130854193372
874,12.767159992458167
875,12.301430055688853
876,12.558660777407166
877,12.232684371284664
878,12.724813032128809
879,13.15348615431818
880,12.892704249897868
881,12.896255432599867
882,12.896255432599867
883,12.896255432599867
884,12.542554309500614
885,12.834863334880273
886,12.910800824144724
887,13.300593271649587
888,13.206628445374271
889,12.737347325902958
890,12.771058384046533
891,12.577748268401665
892,8.609890779238897
893,10.16620208582941
894,10.775589914654464
895,12.77232994884915
896,13.297420985481992
897,13.164661724252571
898,13.109027050030049
899,12.14240417048242
900,12.141278247307477
901,11.888232562816373
902,13.329617794642056
903,12.404951340169452
904,13.007839470176657
905,13.144803920234493
906,13.353800350078012
907,12.914919898266417
908,14.04935077481514
909,14.267809418585752
910,12.551526446318007
911,12.61273122273483
912,13.108048923195042
913,15.261164311144901
914,13.099257901146851
915,12.64780878726371
916,15.032227109652482
917,14.715957563253097
918,14.659613468804528
919,14.84072146759285
920,14.871314487248007
921,4.627120124006359
922,0.6343123683159974
923,0.24056024307164736
924,0.11302191846286049
925,2.1369153058060566
927,3.582360416873981
928,11.749932788242225
929,11.729026349328631
930,11.636295162543517
931,11.841044491239188
932,12.486437962472039
933,12.327164133071673
934,12.257369133774295
935,12.763608809756168
936,12.105443183234094
937,11.800130491157601
938,12.059939865478652
939,12.724813032128809
940,12.224755574785357
941,12.667318231107448
942,12.896255432599867
943,12.827509748195679
944,12.896255432599867
945,13.344086330565196
946,13.211327069335775
947,12.27400872611201
948,13.194821599694148
949,12.928499861952334
950,12.898339986510758
951,13.099718443830978
952,12.39531165908775
953,12.638953291833882
954,8.989327126791347
955,10.517458709669782
956,12.77232994884915
957,13.194821599694148
958,13.194821599694148
959,12.710793549205468
960,12.498225275040324
961,12.710731298970865
962,12.98469830971782
963,13.454527485062975
964,12.827724177599741
965,13.79755070811755
966,13.50606200279618
967,13.390066206762663
968,13.13359797087267
969,13.83785936646546
970,13.430321095746985
971,13.181947070278381
972,12.828850679601972
973,13.047416258528898
974,15.261164311144901
975,14.33698247281053
976,15.261164311144901
977,14.47695528995404
978,14.957286004005757
979,14.45569754467438
980,13.628613419630863
981,12.18548796680285
982,5.609012136222071
983,0.950787109577905
984,0.6343123683159974
985,2.204425481828866
986,0.15851151404764463
988,0.8513578637487854
989,11.871204366680765
990,11.6790240870464
991,11.871204366680765
992,11.663421452733454
993,12.767159992458167
994,12.331589931130429
995,12.683868916509121
996,13.458122791445774
997,12.314783461797681
998,12.360727952615589
999,11.676129176811372
1000,12.530413125984435
1001,12.327164133071673
1002,12.62005287512676
1003,12.823212644388814
1004,12.659174303739107
1005,13.164661724252571
1006,13.164661724252571
1007,12.928353040598521
1008,12.929501635642195
1009,13.320018648247482
1010,12.898339986510758
1011,12.474576770863143
1012,13.164661724252571
1013,13.164661724252571
1014,12.539332729981965
1015,12.372543110272904
1016,12.61697302485424
1017,12.295600226502785
1018,12.918471080968416
1019,12.815871695180572
1020,13.242674954942432
1021,13.427334498279563
1022,13.446753856667897
1023,14.25450598635354
1024,13.694865106607985
1025,14.957286004005757
1026,12.93109222055866
1027,12.239598944073705
1028,12.808245098595677
1029,12.704234158797018
1030,12.823359465742627
1031,13.208555763017959
1032,12.635721654673347
1033,12.334845118523866
1034,12.55675857017814
1035,14.982729415203096
1036,14.84072146759285
1037,13.74964488358192
1038,12.49525176648113
1039,13.212106945719958
1040,12.940011792862208
1041,13.391196338086665
1042,11.501805385887414
1043,4.973128094633519
1044,1.5850490272740672
1045,0.9274473505969891
1046,0.9274473505969891
1047,1.5123610086867632
1048,6.848932156751981
1049,10.901835063937222
1050,13.217885411183058
1051,14.015816633359746
1052,12.331589931130429
1053,11.871204366680765
1054,11.799332373510177
1055,13.786879431867327
1056,12.331589931130429
1057,12.755353146778043
1058,12.297878872986853
1059,13.392145244810758
1060,13.350178523689058
1061,13.308854168861712
1062,13.121241322196639
1063,12.708932904820193
1064,13.350178523689058
1065,13.153497244866802
1066,13.320018648247482
1067,13.494744630598602
1068,12.896255432599867
1069,12.910800824144724
1070,12.603993403481944
1071,12.724813032128809
1072,12.713477179028114
1073,12.896255432599867
1074,12.474313231696808
1075,12.868834103023024
1076,12.385380208382857
1077,12.460740083637718
1078,13.164661724252571
1079,13.164661724252571
1080,13.575855881423797
1081,12.819759199381519
1082,14.240487115133934
1083,13.327327471098046
1084,14.437522667311292
1085,12.680571423529289
1086,12.282683492315988
1087,12.640818388679161
1088,12.689873939969875
1089,12.928499861952334
1090,14.01533101761434
1091,13.401684787946584
1092,12.61273122273483
1093,13.178407554539554
1094,14.957286004005757
1095,15.261164311144901
1096,12.426704563210203
1097,12.639272837375346
1098,12.381829025680858
1099,12.774590714343876
1100,13.212106945719958
1101,12.785711819738996
1102,1.5886313410665873
1103,2.000928107204261
1104,2.266606686349773
1105,1.0754892554459121
1106,0.19282220665200805
1107,8.97030424365446
1108,11.191998095134137
1109,13.12449533607986
1110,13.31144652746804
1111,13.098919899559117
1112,13.550104444783575
1113,12.224755574785357
1114,12.532188443774734
1115,11.802883556212176
1116,11.841044491239188
1117,12.311702425238346
1118,12.61650169242476
1119,12.42126112100148
1120,13.223840707984483
1121,13.452777909476902
1122,13.392145244810758
1123,13.350178523689058
1124,13.361985369369181
1125,13.361985369369181
1126,12.896255432599867
1127,13.214878252037774
1128,13.123337369425226
1129,12.582372842320696
1130,12.243150126775705
1131,13.320018648247482
1132,13.392145244810758
1133,12.926415308041443
1134,12.924801857896522
1135,12.910800824144724
1136,13.214878252037774
1137,13.161110541550572
1138,12.928353040598521
1139,13.297420985481992
1140,13.855674816487038
1141,13.178521029049394
1142,13.427334498279563
1143,12.940306707632457
1144,12.827678540860695
1145,13.13004678817067
1146,13.427334498279563
1147,12.633843873750603
1148,12.970466583074034
1149,14.561050753466372
1150,14.192127895883146
1151,12.80080320076738
1152,13.936522183198095
1153,14.403619304232826
1154,13.36504377083963
1155,12.635721654673347
1156,12.774590714343876
1157,12.334845118523866
1158,12.487781943643538
1159,12.472261334542614
1160,13.017256383087322
1161,9.574316740463894
1162,10.153512187606536
1163,0.15382526409698083
1164,9.419378869015002
1165,9.65428807315225
1166,13.371262489293699
1167,12.923116619616987
1168,12.54504530465263
1169,13.486141952959123
1170,12.873657769834377
1171,13.100598512469153
1172,11.676129176811372
1173,11.993079605800439
1174,12.301430055688853
1175,13.316467465545482
1176,12.800077492336868
1177,12.800077492336868
1178,13.118700311774775
1179,13.320018648247482
1180,13.310264862706784
1181,13.246226137644431
1182,13.003081913139704
1183,12.868834103023024
1184,12.928353040598521
1185,13.158438837134614
1186,12.243150126775705
1187,11.856490625571059
1188,12.95136153761171
1189,13.449226726774903
1190,13.320018648247482
1191,12.868834103023024
1192,12.398507050770615
1193,13.361985369369181
1194,13.550104444783575
1195,13.164661724252571
1196,12.97540146391582
1197,14.328433906809806
1198,13.194821599694148
1199,13.246226137644431
1200,13.242674954942432
1201,13.246226137644431
1202,12.834109651919373
1203,13.13359797087267
1204,12.448000763633909
1205,12.639272837375346
1206,14.79346912812972
1207,14.565374280394046
1208,13.064064121038761
1209,13.187226283248412
1210,13.936522183198095
1211,13.212106945719958
1212,13.020136311444
1213,12.448000763633909
1214,12.282683492315988
1215,12.843603139555235
1216,12.530506708177386
1217,10.807265519620962
1218,10.65150052887727
1219,1.0842936634100906
1221,3.680809406122409
1222,10.159809159646072
1223,13.132836245805693
1224,13.350178523689058
1225,13.10671846160662
1226,11.858072687374797
1227,12.358397421389382
1228,12.824127358158696
1229,13.32118392978972
1230,12.603784849390564
1231,12.243150126775705
1232,12.598851667557462
1233,13.242674954942432
1234,12.999530730437705
1235,13.48871234706398
1236,13.628613419630863
1237,12.97540146391582
1238,12.928499861952334
1239,12.898339986510758
1240,13.13004678817067
1241,12.535781547279965
1242,12.806624076878613
1243,13.091081446755062
1244,12.926415308041443
1245,12.14744677433841
1246,13.194821599694148
1247,13.320018648247482
1248,12.868834103023024
1249,13.278694293420136
1250,13.598453544189287
1251,13.003081913139704
1252,13.546553262081575
1253,13.473256495635953
1254,13.32473511249172
1255,12.815871695180572
1256,12.928499861952334
1257,12.252430544034965
1258,12.815871695180572
1259,12.812320512478573
1260,13.133821528124596
1261,13.047416258528898
1262,12.61273122273483
1263,13.398133605244585
1264,13.862594262741828
1265,12.707531793660431
1266,13.745117696881593
1267,12.918390959544492
1268,13.019234251947335
1269,13.459172477873876
1270,12.915893650454104
1271,12.527974143452491
1272,12.448000763633909
1273,13.22520639950381
1274,12.14240417048242
1275,9.206605996883363
1276,5.004883235778757
1277,0.11816159560019013
1278,4.64190160064985
1279,14.135938293905228
1280,13.033788042719848
1281,13.24503812747935
1282,12.725193271336467
1283,13.714259632168504
1284,14.43162629446179
1285,13.97416537739212
1286,12.971400878906572
1287,12.914919898266417
1288,13.21250902882953
1289,13.327327471098046
1290,14.592879591306202
1291,14.350326135305146
1292,13.133350746517056
1293,13.473256495635953
1294,13.423783315577564
1295,13.194821599694148
1296,12.453557032722522
1297,12.685039799869896
1298,12.812938608345107
1299,12.705381722118194
1300,13.392145244810758
1301,13.392002061413793
1302,12.595300484855462
1303,12.946737818691135
1304,13.550104444783575
1305,13.087530264053063
1306,13.731212805418707
1307,13.32473511249172
1308,12.77779247825982
1309,13.246226137644431
1310,13.427334498279563
1311,12.903038416115557
1312,12.392108479532958
1313,13.13359797087267
1314,13.191078394987121
1315,12.815871695180572
1316,12.827678540860695
1317,12.92397635676155
1318,13.212106945719958
1319,13.37675703636514
1320,13.456748188876148
1321,13.32442771800184
1322,13.027172314015363
1323,13.09249717329725
1324,12.967099660171316
1325,12.580868347442255
1326,12.11644022998471
1327,12.463424321621718
1328,12.941135719673605
1329,12.361594550272848
1330,12.361594550272848
1331,11.163625122115596
1332,9.206605996883363
1333,1.992209346422614
1335,4.274260363698384
1336,13.392145244810758
1337,13.452777909476902
1338,13.473256495635953
1339,12.938973819791926
1340,14.592879591306202
1341,14.373459455527874
1342,14.353877318007145
1343,14.015816633359746
1344,12.775707924348929
1345,12.16290972431568
1346,13.16401616002744
1347,13.023768201094898
1348,11.797021548897085
1349,12.762274240310827
1350,13.399676218138444
1351,14.395844039128844
1352,13.86843251840462
1353,14.198520394012235
1354,14.328433906809806
1355,14.192633148900585
1356,13.776814360060689
1357,14.135938293905228
1358,13.452777909476902
1359,12.819580951696372
1360,12.177120542841926
1361,13.550104444783575
1362,13.48871234706398
1363,12.938648644858668
1364,12.076106688902444
1365,12.815871695180572
1366,12.860430774908599
1367,12.18548796680285
1368,12.381083104575993
1369,12.633843873750603
1370,13.442245961413818
1371,13.854907188349943
1372,13.294575237050143
1373,12.611431115954892
1374,13.13359797087267
1375,13.504284173734428
1376,14.448176917973743
1377,13.661147997793083
1378,14.090689110477502
1379,13.323175813099295
1380,14.552543893522634
1381,12.700652143698115
1382,12.582921993730903
1383,12.541974465609918
1384,18.73099691466504
1385,12.74197649852546
1386,12.14595535318442
1387,12.399866745098564
1388,6.07711486933644
1389,0.47339662055130877
1390,11.68456995068704
1391,13.394747520788664
1392,13.394747520788664
1393,12.737347325902958
1394,11.318494115660128
1395,11.816436237080719
1396,14.219229369854274
1397,14.015816633359746
1398,11.773352010390083
1399,12.425602059079315
1400,13.094330743786836
1401,12.33934923531674
1402,12.082971873712653
1403,12.016361704021719
1404,13.727661622716708
1405,13.121241322196639
1406,13.600199690786118
1407,12.775707924348929
1408,13.375124753259325
1409,13.501487083354897
1410,14.479489388432992
1411,12.800980094366043
1412,13.266205017494869
1413,13.449226726774903
1414,12.768332919827023
1415,12.963602022590587
1416,12.928353040598521
1417,12.963602022590587
1418,13.391196338086665
1419,12.50473664630472
1420,12.354029262612205
1421,12.887175507124988
1422,12.598851667557462
1423,12.708437642676454
1424,12.943562975564207
1425,13.473256495635953
1426,13.098919899559117
1427,12.069005677729555
1428,12.539332729981965
1429,12.829957065946962
1430,13.212106945719958
1431,14.448176917973743
1432,14.397233877590335
1433,13.827058260060713
1434,12.771039531641877
1435,13.720189945300149
1436,12.676136465030556
1437,12.592487179197645
1438,12.990945074310263
1439,16.934643138227504
1440,13.357475549362865
1441,12.047650529601423
1442,12.849129527615293
1443,4.655072059143308
1445,5.5209768283167024
1446,12.360341781721024
1447,13.278694293420136
1448,13.686470216426423
1449,13.604184775625388
1450,17.88593910747822
1451,17.479553738083364
1452,13.241437861118243
1453,13.860459709364836
1454,11.635978700386849
1455,13.178521029049394
1456,12.763726364263903
1457,12.710885658886488
1458,11.849599343789913
1459,11.935937323205005
1460,13.008141062872964
1461,12.775707924348929
1462,12.926415308041443
1463,12.512394434059038
1464,12.542554309500614
1465,13.322549111943438
1466,14.092142991307144
1467,12.771058384046533
1468,13.36504377083963
1469,13.772383740537993
1470,12.577748268401665
1471,12.845544892194082
1472,13.098919899559117
1473,12.849096074896082
1474,12.868834103023024
1475,13.256096630654646
1476,12.366998410547554
1477,13.112578232732048
1478,12.916957701821241
1479,13.13004678817067
1480,13.294575237050143
1481,13.550104444783575
1482,12.82313213439837
1483,12.693739150901171
1484,12.943562975564207
1485,13.113374627209788
1486,13.642955820224088
1487,14.211509587917389
1488,14.834475559168638
1489,14.52733364465147
1490,14.16461703093377
1491,13.371524912505008
1492,11.859744605104712
1493,12.541974465609918
1494,12.545000862406821
1495,9.224244865889895
1496,10.872711225589311
1497,8.600342760378096
1498,11.513240685935044
1499,3.497073049959826
1500,2.481865603559891
1501,12.621513315334274
1502,10.068609762638687
1503,12.245298905514138
1504,15.058618495043872
1505,15.674912632108736
1506,17.942523058471018
1507,14.395844039128844
1508,14.592879591306202
1509,14.479489388432992
1510,11.635978700386849
1511,12.0170134420456
1512,11.61479248752827
1513,12.620351000354018
1514,13.308854168861712
1515,12.194567367069123
1516,12.094591521821624
1517,12.926415308041443
1518,13.425341281044528
1519,12.926415308041443
1520,12.771058384046533
1521,13.194821599694148
1522,13.530481677254235
1523,13.346627340987059
1524,13.208555763017959
1525,12.99617484874575
1526,13.04911531279079
1527,12.709925996326115
1528,12.843522818040276
1529,12.868834103023024
1530,12.748349821445109
1531,13.212106945719958
1532,12.897565581439878
1533,12.447473285295628
1534,12.849096074896082
1535,12.713477179028114
1536,13.109027050030049
1537,13.22165521680181
1538,13.394747520788664
1539,12.690187968199172
1540,12.637395056452602
1541,12.806658802720074
1542,13.04761276822
1543,14.118102128720334
1544,14.175524456497152
1545,14.957286004005757
1546,13.955710582638183
1547,13.323175813099295
1548,12.639272837375346
1549,13.030343712083637
1550,12.65969905872043
1551,7.5773769436428005
1552,1.6323518894963727
1553,6.595404202350718
1556,12.926415308041443
1557,9.80284226776104
1558,11.23330520672505
1559,11.299657095402546
1560,15.058618495043872
1561,15.389629032301563
1562,17.414821176697377
1563,14.015816633359746
1564,14.015816633359746
1565,12.50473664630472
1566,11.99104950154789
1567,11.765178809297746
1568,11.333695084469865
1569,13.863924623150542
1570,13.350178523689058
1571,13.39295336151986
1572,12.919083288258813
1573,12.01184754956597
1574,12.094591521821624
1575,12.094591521821624
1576,12.270245135084405
1577,13.24503812747935
1578,13.394737603417084
1579,12.620351000354018
1580,13.15076973663921
1581,13.07850091582672
1582,12.785711819738996
1583,12.49880294918313
1584,12.591371875733135
1585,12.607879933252892
1586,12.447473285295628
1587,13.394747520788664
1588,13.33335542306907
1589,12.849096074896082
1590,12.849096074896082
1591,12.66777521040346
1592,12.651267152883703
1593,13.13004678817067
1594,12.887218881115638
1595,13.291018003676818
1596,13.13359797087267
1597,12.675801343012326
1598,14.182701096017677
1599,14.585096617796745
1600,13.340478936437355
1601,14.328433906809806
1602,14.561050753466372
1603,12.815871695180572
1604,13.13359797087267
1605,12.774590714343876
1606,12.338396301225865
1607,9.210122071212695
1608,7.981399209990835
1609,2.126552235906234
1610,6.152541190096026
1611,11.462242408217469
1612,12.083170763358476
1613,12.56828643680916
1614,12.645153695288458
1615,12.059782106077652
1616,12.771058384046533
1617,12.99150249852799
1618,12.0319820542542
1619,12.245756076173398
1620,12.767507201344534
1621,11.96336093223577
1622,12.043041737231844
1623,12.030611463037712
1624,12.827509748195679
1625,12.626907850664255
1626,14.353877318007145
1627,14.015816633359746
1628,12.094591521821624
1629,12.771058384046533
1630,12.425602059079315
1631,12.926415308041443
1632,13.029014693829287
1633,12.896255432599867
1634,12.425602059079315
1635,12.775707924348929
1636,14.135938293905228
1637,12.925950452940196
1638,12.54339274735673
1639,12.734664821098168
1640,12.659174303739107
1641,11.990749954386951
1642,13.48871234706398
1643,12.693739150901171
1644,12.430237102246688
1645,12.849096074896082
1646,12.649413967244696
1647,12.751892717447815
1648,12.459188642801609
1649,12.774590714343876
1650,13.246226137644431
1651,12.771039531641877
1652,12.49880294918313
1653,13.178395887576382
1654,13.688394219313821
1655,13.423783315577564
1656,13.890874301443075
1657,14.561050753466372
1658,14.957286004005757
1659,14.561050753466372
1660,5.663125355468634
1661,9.807999858127415
1662,12.718494791977509
1663,8.434849801443681
1664,2.1323631387980555
1665,2.657963066729183
1666,8.622189647765095
1667,11.916892859442559
1668,12.079478172257481
1669,12.245756076173398
1670,12.347898291301982
1671,12.238824632337936
1672,12.896255432599867
1673,12.926415308041443
1674,12.313617108008195
1675,12.775707924348929
1676,13.320018648247482
1677,17.324768670434455
1678,13.484901568896992
1679,11.275210846549225
1680,12.282802807280905
1681,12.499519780966937
1682,13.860459709364836
1683,14.332382271101585
1684,12.775707924348929
1685,13.444842766791208
1686,12.194567367069123
1687,12.710885658886488
1688,12.094591521821624
1689,12.245298905514138
1690,11.299657095402546
1691,13.392002061413793
1692,12.775707924348929
1693,13.098919899559117
1694,12.064348926828092
1695,12.845544892194082
1696,12.616607690701663
1697,12.49587583063639
1698,13.061945271705632
1699,12.713477179028114
1700,12.659174303739107
1701,12.963602022590587
1702,13.546553262081575
1703,13.427334498279563
1704,12.690108056261996
1705,12.774590714343876
1706,12.751901004147108
1707,12.830558469217374
1708,13.242674954942432
1709,13.767305277270681
1710,13.26538133120147
1711,14.603017474588071
1712,13.961186844349799
1713,13.776328744315283
1714,14.171200929569478
1715,14.697948032203604
1716,8.071713057219958
1717,8.45274779887871
1718,8.21757996610101
1719,-0.0963008867905099
1721,11.42281857598388
1722,13.334700230832441
1723,12.083170763358476
1724,13.095697957533384
1725,11.393125733612182
1726,12.245298905514138
1727,12.215139030072562
1728,12.512394434059038
1729,12.896255432599867
1730,12.416216493796039
1731,12.926415308041443
1732,12.926415308041443
1733,11.612949791909983
1734,14.042164192089876
1735,13.308854168861712
1736,13.320018648247482
1737,13.785141442455576
1738,13.355135698323965
1739,14.697948032203604
1740,14.015816633359746
1741,13.776814360060689
1742,11.462242408217469
1743,13.008141062872964
1744,12.775707924348929
1745,12.722857463065791
1746,12.542554309500614
1747,13.600199690786118
1748,12.926415308041443
1749,12.963602022590587
1750,12.920138661119934
1751,12.633843873750603
1752,13.320018648247482
1753,12.926415308041443
1754,12.089941981519228
1755,12.542554309500614
1756,13.550104444783575
1757,13.098919899559117
1758,13.203077262672272
1759,13.394747520788664
1760,13.394747520788664
1761,13.13359797087267
1762,12.834109651919373
1763,12.64866579457435
1764,13.36504377083963
1765,13.314706331507802
1766,13.389882653322418
1767,14.43162629446179
1768,13.961186844349799
1769,13.355135698323965
1770,13.961186844349799
1771,13.694865106607985
1772,12.035288568914654
1773,12.898339986510758
1774,6.471892121199915
1776,12.016818874680979
1777,12.079478172257481
1778,13.334700230832441
1779,13.631955634818917
1780,12.245756076173398
1781,13.236645137418883
1782,12.767507201344534
1783,12.434189316918273
1784,12.283457232566619
1785,12.797176684502778
1786,12.08463157896161
1787,11.260114806972355
1788,11.23330520672505
1789,12.54677072285651
1790,13.347637513267195
1791,12.775707924348929
1792,12.710885658886488
1793,12.919083288258813
1794,13.776814360060689
1795,13.044509248429108
1796,13.216338692245289
1797,13.392002061413793
1798,12.865541840795636
1799,11.656190936765492
1800,13.10671846160662
1801,12.926415308041443
1802,12.926415308041443
1803,12.896255432599867
1804,13.33335542306907
1805,16.884457612183603
1806,20.893803028286946
1807,12.926415308041443
1808,13.278694293420136
1809,12.089941981519228
1810,11.299657095402546
1811,13.546553262081575
1812,12.999530730437705
1813,13.161110541550572
1814,13.044114216001633
1815,12.887218881115638
1816,13.21250902882953
1817,12.772629949997196
1818,12.777139698959553
1819,13.13359797087267
1820,13.214699304326285
1821,13.75558398699585
1822,13.650443590786143
1823,11.972598797580908
1824,14.43162629446179
1825,13.694865106607985
1826,13.454527485062975
1827,12.383462818026826
1828,12.482294891663372
1829,3.832270969470152
1830,10.663435139549701
1831,12.083170763358476
1832,12.194567367069123
1833,12.083170763358476
1834,12.083170763358476
1835,12.075292782600066
1836,11.972598797580908
1837,12.331589931130429
1838,12.088281247999342
1839,12.180882547437914
1840,11.881073733985957
1841,11.78291034807355
1842,11.23330520672505
1843,13.216338692245289
1844,13.214878252037774
1845,13.361985369369181
1846,12.542554309500614
1847,13.095697957533384
1848,13.334700230832441
1849,11.91595123246741
1850,10.663435139549701
1851,13.265548063537528
1852,12.078536545282333
1853,12.700268560145108
1854,12.667318231107448
1855,13.214878252037774
1856,13.10671846160662
1857,13.029014693829287
1858,13.361985369369181
1859,13.320018648247482
1860,13.361985369369181
1861,13.161110541550572
1862,12.82395856549368
1863,13.320018648247482
1864,12.926415308041443
1865,13.48871234706398
1866,13.550104444783575
1867,12.999530730437705
1868,12.775707924348929
1869,14.45569754467438
1870,14.01533101761434
1871,14.328433906809806
1872,13.246226137644431
1873,12.607879933252892
1874,13.246226137644431
1875,12.326802406128563
1876,12.938648644858668
1877,12.141747048897491
1878,12.141747048897491
1879,13.73067793507968
1880,13.280070441822494
1881,13.178521029049394
1882,8.33889967692311
1883,0.6302317135521764
1884,11.229954931530779
1885,11.299657095402546
1886,12.56828643680916
1887,12.083170763358476
1888,12.083170763358476
1889,12.3918469258081
1890,13.600199690786118
1891,12.797176684502778
1892,12.172249768046068
1893,12.926415308041443
1894,12.434189316918273
1895,11.23330520672505
1896,11.632431845369403
1897,11.828323077469008
1898,13.598453544189287
1899,13.392145244810758
1900,13.094330743786836
1901,13.786879431867327
1902,13.600199690786118
1903,13.600199690786118
1904,12.428880632464432
1905,13.216338692245289
1906,13.079916967369293
1907,12.242376474792568
1908,12.5600622775216
1909,12.929501635642195
1910,13.121241322196639
1911,13.350178523689058
1912,12.926415308041443
1913,13.392145244810758
1914,13.411453554649556
1915,13.293869802779993
1916,13.361985369369181
1917,13.278694293420136
1918,12.896255432599867
1919,13.214878252037774
1920,13.628613419630863
1921,13.628613419630863
1922,13.473256495635953
1923,13.826465797282921
1924,13.801022386085583
1925,14.715957563253097
1926,13.575855881423797
1927,12.883667698413639
1928,12.772629949997196
1929,12.980615365980368
1930,12.918471080968416
1931,14.25450598635354
1932,13.694865106607985
1933,14.869339212329885
1934,14.957286004005757
1935,14.38812042673089
1936,5.268922517500116
1937,0.5040817916321273
1938,12.196664857586896
1939,12.016361704021719
1940,12.094591521821624
1941,12.083170763358476
1942,11.965630165576703
1943,12.016818874680979
1944,12.016818874680979
1945,11.933924195269094
1946,12.973335786162915
1947,12.697478106549024
1948,12.434189316918273
1949,12.08108039625961
1950,11.81273499893458
1951,12.261383549824787
1952,13.12720720520873
1953,13.036411099638393
1954,13.265348301130812
1955,13.458122791445774
1956,14.3125529631798
1957,13.17527561683894
1958,12.866760756040964
1959,13.600199690786118
1960,13.731212805418707
1961,13.265807429106182
1962,12.434189316918273
1963,12.95527906787256
1964,12.725193271336467
1965,13.24503812747935
1966,14.072122252522867
1967,13.826465797282921
1968,12.542554309500614
1969,12.926415308041443
1970,13.278694293420136
1971,13.164661724252571
1972,13.164661724252571
1973,13.628613419630863
1974,13.731212805418707
1975,14.151819237535236
1976,13.098919899559117
1977,12.620158873403662
1978,13.394747520788664
1979,12.79319959030105
1980,12.113691641067195
1981,13.860459709364836
1982,13.086130020782441
1983,12.751892717447815
1984,12.50473664630472
1985,13.57732584580897
1986,13.55653348603353
1987,12.966915400372034
1988,13.547386357623525
1989,13.93219865627042
1990,4.754452096811581
1991,12.301430055688853
1992,11.405326787662991
1993,11.384012590417564
1994,11.384012590417564
1995,11.632431845369403
1996,11.838077668528475
1997,12.016818874680979
1998,11.955419376664425
1999,12.610383394436877
2000,12.270173831329233
2001,12.08463157896161
2002,12.292426571906516
2003,12.08463157896161
2004,12.926415308041443
2005,11.886279001298941
2006,13.477906035938348
2007,13.965494888879999
2008,13.619413825889504
2009,14.363942389813783
2010,12.295770566337609
2011,12.797176684502778
2012,12.697478106549024
2013,13.029014693829287
2014,13.029014693829287
2015,11.799257168413893
2016,12.725193271336467
2017,13.223840707984483
2018,13.24503812747935
2019,13.10671846160662
2020,12.926415308041443
2021,12.926415308041443
2022,13.350178523689058
2023,12.924801857896522
2024,13.095368716857118
2025,13.575855881423797
2026,13.394747520788664
2027,13.154887654432615
2028,12.804693915893678
2029,12.662725486441106
2030,12.77232994884915
2031,13.550104444783575
2032,12.940306707632457
2033,12.587386556054732
2034,12.886216683029316
2035,12.843669639394088
2036,13.252545447952647
2037,12.50473664630472
2038,12.069005677729555
2039,12.79319959030105
2040,12.889767865731315
2041,13.112578232732048
2042,13.13359797087267
2043,4.3504972889710665
2044,11.70077058042078
2045,11.132562309924127
2046,11.229156813883355
2047,11.729026349328631
2048,11.729026349328631
2049,11.38321447277014
2050,11.966323840255463
2051,12.41331568596195
2052,12.270716463884622
2053,12.407619110256631
2054,13.57997937170362
2055,13.399676218138444
2056,12.680904777041643
2057,13.350178523689058
2058,13.96551383665825
2059,13.399676218138444
2060,13.08075101677583
2061,13.533747842255615
2062,14.172436747754151
2063,12.22557109578998
2064,11.384012590417564
2065,12.016361704021719
2066,12.926415308041443
2067,12.663767048405449
2068,13.223840707984483
2069,13.046246373354071
2070,13.392145244810758
2071,13.350178523689058
2072,13.369516342696867
2073,13.265348301130812
2074,12.926415308041443
2075,12.922864125339444
2076,12.403013156158632
2077,13.550104444783575
2078,13.628613419630863
2079,12.539332729981965
2080,12.806624076878613
2081,13.08968120348444
2082,12.945241588474243
2083,12.740898508604957
2084,12.771058384046533
2085,13.153497244866802
2086,12.823359465742627
2087,13.112583735742229
2088,12.966915400372034
2089,13.246226137644431
2090,12.354029262612205
2091,12.640818388679161
2092,12.579641388329875
2093,13.220859766991135
2094,12.616282405436829
2095,12.4862235007857
2096,3.857198721051598
2098,10.49775642069315
2099,11.77771773336189
2100,11.802883556212176
2101,11.873006071322871
2102,11.861785610558051
2103,11.636295162543517
2104,11.181596094071569
2105,13.674221718537884
2106,13.038635592810174
2107,14.11299258564271
2108,14.015816633359746
2109,12.646612484207228
2110,12.83233180090229
2111,12.751801964076044
2112,13.350178523689058
2113,12.466378722250282
2114,11.670610704979204
2115,12.039393204733521
2116,14.019799720305018
2117,11.9477289325896
2118,12.697478106549024
2119,12.667318231107448
2120,12.714028791950698
2121,13.079916967369293
2122,13.163208043318338
2123,12.245298905514138
2124,12.926415308041443
2125,12.941690405772244
2126,13.727661622716708
2127,13.594902361487287
2128,13.029014693829287
2129,12.663767048405449
2130,13.628613419630863
2131,13.550104444783575
2132,13.550104444783575
2133,13.246226137644431
2134,12.651267152883703
2135,12.469063966268624
2136,12.713477179028114
2137,13.099718443830978
2138,12.50473664630472
2139,13.890874301443075
2140,12.928499861952334
2141,13.164661724252571
2142,12.79319959030105
2143,12.815871695180572
2144,12.924948679250335
2145,12.79319959030105
2146,12.898339986510758
2147,13.038141569867449
2148,12.446534671349694
2149,12.270834651255065
2150,3.6887390381242677
2151,2.4806028811341694
2152,11.676129176811372
2153,11.465904495764978
2154,12.350722811577572
2155,11.903165946764448
2156,12.066517473629483
2157,12.323612950369673
2158,12.31876123149389
2159,12.67101649434096
2160,12.331589931130429
2161,14.144522254035454
2162,12.95172788517056
2163,12.532188443774734
2164,12.652805109174663
2165,13.371262489293699
2166,13.26022012093447
2167,12.699415839106102
2168,12.663767048405449
2169,12.800077492336868
2170,13.249402839336465
2171,12.926415308041443
2172,13.046246373354071
2173,12.926415308041443
2174,12.877781260114201
2175,12.697478106549024
2176,12.697478106549024
2177,12.493920261573372
2178,12.800077492336868
2179,13.494744630598602
2180,13.625062236928864
2181,13.411453554649556
2182,12.512394434059038
2183,13.100598512469153
2184,14.247499915302054
2185,13.550104444783575
2186,13.48871234706398
2187,12.815871695180572
2188,12.772996116603611
2189,12.775881131551149
2190,12.849096074896082
2191,12.849096074896082
2192,12.672152824200769
2193,12.87522933578504
2194,13.294575237050143
2195,12.594923058435134
2196,12.946737818691135
2197,13.061399562027443
2198,13.32473511249172
2199,12.956057784097931
2200,12.970466583074034
2201,12.74438746491165
2202,12.785711819738996
2203,12.12681358036085
2204,0.3879776034216544
2205,11.457918661543895
2206,11.226560640108646
2207,10.533059157723926
2208,12.380724281159415
2209,8.452691151072196
2210,11.636295162543517
2211,12.365579671491373
2212,12.295177673238431
2213,11.63915734877569
2214,11.871204366680765
2215,12.491290861557234
2216,11.871204366680765
2217,12.039908780889906
2218,11.841044491239188
2219,13.320018648247482
2220,13.320018648247482
2221,12.605787416215875
2222,12.605926133387854
2223,12.301430055688853
2224,12.331589931130429
2225,12.926415308041443
2226,13.214878252037774
2227,12.926415308041443
2228,12.313617108008195
2229,12.16290972431568
2230,13.163064859921374
2231,13.31144652746804
2232,13.530481677254235
2233,12.95527906787256
2234,13.628613419630863
2235,13.452777909476902
2236,12.819661461686815
2237,12.803072894176614
2238,13.550104444783575
2239,13.361985369369181
2240,13.727661622716708
2241,13.32473511249172
2242,12.963602022590587
2243,12.77232994884915
2244,12.763693706813317
2245,13.03920641474956
2246,12.751892717447815
2247,12.667855720393904
2248,13.098919899559117
2249,12.78865847979302
2250,12.898339986510758
2251,12.813330684758709
2252,13.113374627209788
2253,12.155328091361273
2254,12.87714672614107
2255,13.401684787946584
2256,12.468671284331903
2257,8.248714014066804
2258,0.5790544581738598
2260,7.9843197720374475
2261,11.998285420339146
2262,11.871204366680765
2263,12.12563296406815
2264,11.927890638979349
2265,11.861785610558051
2266,11.229156813883355
2267,12.005765332552292
2268,11.731414636118215
2269,11.966323840255463
2270,11.873006071322871
2271,12.221788766202355
2272,12.191628890760779
2273,11.841044491239188
2274,12.259928691246365
2275,12.327164133071673
2276,11.802883556212176
2277,11.729824466976055
2278,12.301430055688853
2279,12.95527906787256
2280,13.265807429106182
2281,12.301430055688853
2282,12.800077492336868
2283,12.016361704021719
2284,12.016361704021719
2285,12.775707924348929
2286,13.600199690786118
2287,14.63231221394895
2288,14.247499915302054
2289,13.63120577823719
2290,13.80891657319604
2291,13.625062236928864
2292,13.350178523689058
2293,13.095368716857118
2294,13.550104444783575
2295,13.628613419630863
2296,13.10880301551751
2297,12.896255432599867
2298,13.297420985481992
2299,13.235188425689236
2300,13.079831501694326
2301,12.81496283772531
2302,13.059521328042864
2303,12.539332729981965
2304,12.834109651919373
2305,12.940306707632457
2306,12.113691641067195
2307,12.774547340353227
2308,13.149111673865422
2309,13.191318822447927
2310,13.758675030460825
2311,12.280860790727958
2312,8.789920602604722
2313,0.17964625111704524
2315,11.924753140845137
2316,11.973803752468609
2317,11.415176052853823
2318,12.005765332552292
2319,11.992837136635499
2320,11.861785610558051
2321,11.759186224770207
2322,11.008472056026687
2323,10.92302582954945
2324,12.370130339683849
2325,12.559592242266307
2326,12.354980417625814
2327,12.260296651018924
2328,11.841044491239188
2329,11.729026349328631
2330,12.242376474792568
2331,12.04052363621961
2332,11.672577994109373
2333,12.574155164896434
2334,12.95172788517056
2335,12.301895412368065
2336,11.729824466976055
2337,11.729824466976055
2338,13.029014693829287
2339,12.433173031600209
2340,13.600199690786118
2341,14.395844039128844
2342,14.63231221394895
2343,13.969065019360249
2344,14.177262648732574
2345,13.625062236928864
2346,13.258626550527888
2347,13.046246373354071
2348,13.392145244810758
2349,13.361985369369181
2350,13.320018648247482
2351,13.94362160816291
2352,12.940341033538473
2353,12.620351000354018
2354,13.361985369369181
2355,12.887028685771176
2356,13.297420985481992
2357,13.246226137644431
2358,13.103269626532978
2359,12.940306707632457
2360,12.474576770863143
2361,12.50473664630472
2362,12.891231570435433
2363,12.79400706878484
2364,12.090399152178488
2365,13.404787135546197
2366,11.952826328255794
2367,11.179474955620986
2368,0.14705649779183294
2369,11.291290042269985
2370,12.38009951175523
2371,11.636295162543517
2372,11.582078762420858
2373,12.039908780889906
2374,11.45818097897565
2375,11.38321447277014
2376,11.939489378335384
2377,11.369565556966387
2378,11.478333946344838
2379,12.818193482506283
2380,12.467245163353141
2381,11.871204366680765
2382,11.871204366680765
2383,11.636295162543517
2384,12.054471703520033
2385,12.129987655217795
2386,12.49587583063639
2387,12.499427013338389
2388,12.365225462977573
2389,13.546553262081575
2390,12.228335070935241
2391,12.62005287512676
2392,12.283457232566619
2393,12.542554309500614
2394,11.79325294547516
2395,13.24503812747935
2396,12.674109205771689
2397,14.871314487248007
2398,14.22676034318196
2399,11.9477289325896
2400,13.24503812747935
2401,12.75077697262652
2402,12.896255432599867
2403,12.896255432599867
2404,13.361985369369181
2405,13.031099247740178
2406,12.943562975564207
2407,12.243150126775705
2408,13.094045915341555
2409,13.046246373354071
2410,13.15348615431818
2411,13.628613419630863
2412,12.689403909904101
2413,12.740898508604957
2414,12.465512783566625
2415,12.42482678228746
2416,13.286534795992342
2417,13.293610362283145
2418,12.823359465742627
2419,13.008141062872964
2420,14.072122252522867
2421,12.474576770863143
2422,12.789642356927725
2423,0.9072411958991389
2424,11.903165946764448
2425,7.9523581919537625
2426,11.854305698344906
2427,11.917569057148024
2428,12.297878872986853
2429,11.871204366680765
2430,12.264934732526786
2431,12.128032086154777
2432,11.668124495176317
2433,11.854305698344906
2434,12.868834103023024
2435,12.512394434059038
2436,12.21093608476914
2437,11.891186380946982
2438,12.016818874680979
2439,12.865282920321025
2440,12.963602022590587
2441,13.321167243291155
2442,13.098919899559117
2443,13.550104444783575
2444,13.502275603926288
2445,12.467245163353141
2446,12.899919253687587
2447,12.667318231107448
2448,12.775707924348929
2449,12.775707924348929
2450,13.297420985481992
2451,13.161110541550572
2452,13.194821599694148
2453,13.239380679422174
2454,12.922864125339444
2455,12.425602059079315
2456,12.926415308041443
2457,13.731212805418707
2458,13.350178523689058
2459,13.32473511249172
2460,13.174027728799205
2461,13.48871234706398
2462,12.868834103023024
2463,12.767507201344534
2464,12.926415308041443
2465,13.278694293420136
2466,13.320018648247482
2467,12.740898508604957
2468,12.667855720393904
2469,12.243150126775705
2470,12.898339986510758
2471,9.18100418393235
2472,6.2645174220841495
2473,5.8303483819047095
2474,13.320018648247482
2475,13.214878252037774
2476,12.823212644388814
2477,11.600353018747565
2478,0.1062531521577127
2479,2.5476997939417374
2480,7.883918719022337
2481,7.995936860932894
2482,12.486007301631863
2483,12.850155062589966
2484,12.606907398944337
2485,13.199471139996543
2486,12.65457746242545
2487,11.37275603328026
2488,12.596769042613436
2489,11.609276958725117
2490,12.59542004863161
2491,12.700268560145108
2492,13.206490164324984
2493,12.083170763358476
2494,13.095697957533384
2495,13.361985369369181
2496,12.27400872611201
2497,13.235188425689236
2498,13.100598512469153
2499,13.154887654432615
2500,12.705767894738573
2501,12.323612950369673
2502,13.211327069335775
2503,13.350178523689058
2504,14.072122252522867
2505,13.23759643752495
2506,12.938973819791926
2507,12.354029262612205
2508,12.620351000354018
2509,12.21110618920762
2510,13.050467246362423
2511,12.771058384046533
2512,12.387197385505704
2513,12.848525134446701
2514,13.32473511249172
2515,13.32473511249172
2516,13.575855881423797
2517,13.098919899559117
2518,12.808245098595677
2519,13.278694293420136
2520,12.896255432599867
2521,12.896255432599867
2522,12.771058384046533
2523,12.607336032092563
2524,13.194821599694148
2525,12.59440783617577
2526,12.493865691070432
2527,9.192343469339384
2528,4.317744435641615
2529,6.0126799308121575
2530,13.236788320815847
2531,12.892704249897868
2532,13.119786186723227
2533,5.882580163751023
2534,0.17964625111704524
2535,1.3120090945277867
2536,7.761027656795647
2537,10.609630406484337
2538,12.253643227501033
2539,11.939489378335384
2540,11.884352307371074
2541,13.416206363570934
2542,12.403254398399516
2543,12.08463157896161
2544,11.462242408217469
2545,11.306885484222558
2546,13.476598710824007
2547,12.090399152178488
2548,12.090399152178488
2549,13.095697957533384
2550,13.352770882295385
2551,12.108370137800378
2552,12.775707924348929
2553,13.308854168861712
2554,13.350178523689058
2555,13.087530264053063
2556,12.636345718828606
2557,13.258626550527888
2558,13.358434186667182
2559,12.919083288258813
2560,11.939234597826713
2561,12.50118546360272
2562,12.685039799869896
2563,11.936983745331657
2564,12.603784849390564
2565,12.970323399677069
2566,13.073065968861878
2567,12.772996116603611
2568,13.003081913139704
2569,13.098919899559117
2570,13.394747520788664
2571,13.427334498279563
2572,13.550104444783575
2573,13.098919899559117
2574,13.095368716857118
2575,12.75077697262652
2576,13.320018648247482
2577,13.123337369425226
2578,13.031099247740178
2579,12.785711819738996
2580,12.282683492315988
2581,12.234239149318133
2582,12.781910620627267
2583,12.940341033538473
2584,14.129876574742132
2585,13.694865106607985
2586,13.056544946091536
2587,12.685039799869896
2588,5.639594572454819
2589,0.19010601303589464
2591,11.0466108053212
2592,12.935030630980854
2593,12.331589931130429
2594,11.105752709676821
2595,11.669598587762959
2596,12.710477609248699
2597,12.697478106549024
2598,12.697478106549024
2599,12.926415308041443
2600,12.817542672792479
2601,13.336927753735356
2602,13.786465845478292
2603,13.566728127810089
2604,13.13004678817067
2605,13.13359797087267
2606,13.031099247740178
2607,12.771058384046533
2608,14.198520394012235
2609,13.392002061413793
2610,12.926415308041443
2611,13.297042088947588
2612,13.308854168861712
2613,13.334700230832441
2614,13.334700230832441
2615,12.089941981519228
2616,12.887175507124988
2617,12.354029262612205
2618,12.823359465742627
2619,13.071192602924338
2620,12.771058384046533
2621,12.474576770863143
2622,12.633508526681654
2623,12.503817379744197
2624,12.503817379744197
2625,13.095368716857118
2626,12.87522933578504
2627,13.161110541550572
2628,13.550104444783575
2629,13.003081913139704
2630,12.960050839888588
2631,12.645862784542697
2632,12.941690405772244
2633,12.813509763952512
2634,12.989774892912832
2635,12.01100951249447
2636,12.366998410547554
2637,12.354029262612205
2638,12.381384285845428
2639,12.823359465742627
2640,12.685039799869896
2641,12.50473664630472
2642,12.710731298970865
2643,1.847073455131202
2644,12.174075954666213
2645,12.180882547437914
2646,13.090779561084837
2647,12.542554309500614
2648,12.722857463065791
2649,13.029014693829287
2650,12.737831377525803
2651,13.08968120348444
2652,13.164661724252571
2653,12.83804664386438
2654,12.282683492315988
2655,11.686267751340885
2656,11.91213844359103
2657,12.243150126775705
2658,12.772996116603611
2659,13.242674954942432
2660,13.214699304326285
2661,14.363004249582854
2662,12.776776781780384
2663,12.620351000354018
2664,12.775707924348929
2665,13.924189481830904
2666,12.428880632464432
2667,11.892358654225873
2668,13.095697957533384
2669,12.883624324422989
2670,13.442245961413818
2671,13.164661724252571
2672,13.550104444783575
2673,12.940011792862208
2674,12.56062893040567
2675,12.451024467997627
2676,8.999240518034082
2677,9.214782300758419
2678,12.825299496899973
2679,12.308647432813698
2680,12.819580951696372
2681,12.77232994884915
2682,12.768332919827023
2683,12.77232994884915
2684,12.713477179028114
2685,13.058394089003633
2686,12.059782106077652
2687,12.894788803808758
2688,12.50118546360272
2689,12.857015631683412
2690,12.241401095840443
2691,12.474576770863143
2692,12.89224174271557
2693,12.571154436500954
2694,12.774547340353227
2695,12.785711819738996
2696,2.1374342740109777
2697,3.5160047528330223
2698,14.353877318007145
2699,14.786831829166127
2700,14.135938293905228
2701,13.316467465545482
2702,13.443096620194376
2703,13.550104444783575
2704,13.427334498279563
2705,12.83804664386438
2706,12.61697302485424
2707,12.213635003575995
2708,16.371226446694994
2709,14.249847063785099
2710,12.398507050770615
2711,12.697478106549024
2712,12.693926923847025
2713,14.395844039128844
2714,13.599714075040712
2715,15.413880627281783
2716,12.970466583074034
2717,12.919083288258813
2718,13.776814360060689
2719,12.245298905514138
2720,12.710885658886488
2721,13.776814360060689
2722,13.239380679422174
2723,13.095697957533384
2724,12.827724177599741
2725,13.32118392978972
2726,12.751901004147108
2727,12.448000763633909
2728,13.546683986442483
2729,13.842959657000629
2730,10.696652081330777
2731,13.504284173734428
2732,13.32292076472922
2733,9.239325115264231
2734,10.401030090604358
2735,12.775881131551149
2736,12.764781737125023
2737,12.651267152883703
2738,12.898339986510758
2739,12.898339986510758
2740,12.919286969491836
2741,12.366998410547554
2742,12.857015631683412
2743,12.785711819738996
2744,12.785387318131319
2745,9.608748038320273
2746,8.349128724697026
2747,8.833663144975743
2748,11.732189194576149
2749,-0.49519864444649603
2750,4.529090354538118
2751,13.327327471098046
2752,13.320018648247482
2753,13.452777909476902
2754,13.097047329767154
2755,13.350178523689058
2756,12.806624076878613
2757,12.639272837375346
2758,12.708437642676454
2759,16.52714378209388
2760,13.192482922050852
2761,13.666588856934254
2762,13.192482922050852
2763,11.800130491157601
2764,12.3918469258081
2765,12.128032086154777
2766,14.072122252522867
2767,13.090779561084837
2768,13.212106945719958
2769,13.684922541345788
2770,12.083170763358476
2771,13.600199690786118
2772,12.083170763358476
2773,11.850540970765062
2774,12.0319820542542
2775,13.10671846160662
2776,13.086080937123333
2777,13.246226137644431
2778,13.10880301551751
2779,12.830558469217374
2780,12.637578605860535
2781,12.322232541582812
2782,12.102937595162313
2783,11.158169884774003
2784,12.444985868920458
2785,12.788938500833318
2786,14.102829944155777
2787,9.864332193313583
2788,12.039490554529845
2789,12.482294891663372
2790,12.774590714343876
2791,12.864622877695856
2792,12.903038416115557
2793,12.980615365980368
2794,12.637267205977162
2795,12.579641388329875
2796,12.684829608707757
2797,12.286234675017987
2798,9.188818360260708
2799,7.643369150323113
2800,6.069409452279827
2801,5.9680689917530705
2802,0.9058192891536861
2803,2.520943287211778
2804,12.806624076878613
2805,13.098919899559117
2806,13.731212805418707
2807,13.199471139996543
2808,13.350178523689058
2809,13.003081913139704
2810,12.599360658606692
2811,12.724813032128809
2812,12.521605811169598
2813,13.319162096355372
2814,13.666588856934254
2815,12.728364214830808
2816,12.924801857896522
2817,13.725625650956413
2818,13.600199690786118
2819,12.896255432599867
2820,12.755443900149814
2821,13.456827693610114
2822,13.8129393941353
2823,12.089941981519228
2824,12.542554309500614
2825,12.524707767830028
2826,11.567594317367858
2827,13.863924623150542
2828,14.021905724737664
2829,13.13004678817067
2830,13.242674954942432
2831,12.928499861952334
2832,12.42127559958546
2833,12.879355475978052
2834,14.03118961825634
2835,9.265289055761942
2836,12.577748268401665
2837,12.498008375154619
2838,12.069005677729555
2839,8.071713057219958
2840,7.991156638925995
2841,8.452628403316991
2842,12.34092886595076
2843,12.459364077635504
2844,12.39531165908775
2845,12.055605631546161
2846,11.571441755182825
2847,12.381083104575993
2848,12.448700377454664
2849,11.943557621430333
2850,11.956377510957793
2851,12.616282405436829
2852,12.551353224242545
2853,7.211273382998695
2854,7.6652916669777245
2856,6.170319791969335
2857,12.133538837919794
2858,12.211798699967598
2859,12.59502136400126
2860,12.598851667557462
2861,13.183628011436515
2862,12.691816061188273
2863,12.865282920321025
2864,12.754328155328519
2865,12.720359596144082
2866,15.37735042047468
2867,11.65860601018933
2868,12.75077697262652
2869,12.128032086154777
2870,13.12449533607986
2871,13.696100924792658
2872,13.261797118428813
2873,12.603993403481944
2874,11.9766945735893
2875,13.017256383087322
2876,13.017256383087322
2877,12.785711819738996
2878,13.650443590786143
2879,13.194821599694148
2880,13.474736166366105
2881,13.340478936437355
2882,12.64117689201494
2883,12.565232387262828
2884,11.92573646458314
2885,12.317220787664032
2886,13.079117373854567
2887,8.885610881317566
2888,12.429848954435794
2889,12.539332729981965
2890,12.474576770863143
2891,12.26439902475971
2892,5.638503690412864
2893,8.334111374127081
2894,4.524320381585549
2895,12.108630813976697
2896,12.426651745052805
2897,12.398862841789748
2898,12.069005677729555
2899,12.710731298970865
2900,12.717768064134026
2901,12.101716285817655
2902,12.101716285817655
2903,12.308647432813698
2904,12.465120101629903
2905,12.14595535318442
2906,5.489852850595093
2907,5.10449496023042
2910,11.98952842309844
2911,12.896255432599867
2912,17.095178558669907
2913,13.237633302491735
2914,15.821217163955712
2915,12.451137887291361
2916,13.195919957294544
2917,13.163208043318338
2918,11.841044491239188
2919,13.824528165554998
2920,13.507172430981536
2921,11.8036816738596
2922,12.180882547437914
2923,13.54787715856827
2924,14.853304956198514
2925,13.016086497912495
2926,12.243150126775705
2927,12.035288568914654
2928,12.42482678228746
2929,13.112578232732048
2930,13.504284173734428
2931,14.285300481805521
2932,13.367973729803008
2933,13.37675703636514
2934,15.015381578781753
2935,13.32118392978972
2936,11.618115684389615
2937,9.288963098266096
2938,13.873069400447129
2939,13.79546639051379
2940,9.239325115264231
2941,12.39531165908775
2942,12.398862841789748
2943,12.39531165908775
2944,12.354029262612205
2945,11.240431217925133
2946,7.774982849083756
2947,6.135492152750532
2948,4.524320381585549
2949,8.735367768807865
2950,9.017019119907392
2951,9.166379528841674
2952,12.306824731225669
2953,8.833663144975743
2954,7.6151521217235025
2955,6.696959052120995
2956,9.09815004495435
2957,8.250727196558648
2958,8.549468054121254
2959,2.4538470933328584
2960,6.011396949224089
2962,4.681468375129588
2963,12.243150126775705
2964,12.385380208382857
2965,10.844033127485504
2966,7.5487061679870795
2967,4.543615127891759
2970,1.3727244143824946
2971,5.58360473058244
2972,1.4163277396097076
2973,12.636345718828606
2974,12.755353146778043
2975,14.3712148865925
2976,13.47584885424228
2977,12.868834103023024
2978,12.239598944073705
2979,12.740898508604957
2980,12.069005677729555
2981,12.35003597235557
2982,13.550104444783575
2983,12.960050839888588
2984,12.853501772300737
2985,13.208555763017959
2986,13.197413958300475
2987,12.740898508604957
2988,12.868834103023024
2989,9.54826928108884
2990,14.206881100108555
2991,13.882782145449962
2992,16.049488823018436
2993,15.896370865074058
2994,12.724813032128809
2995,12.56418011310767
2996,12.468671284331903
2997,12.9274841654729
2998,8.528477519149735
2999,7.292298104052293
3000,6.019529075669971
3001,6.135492152750532
3002,7.063794521515043
3003,7.607555129129479
3004,5.371621307563792
3005,7.590000899949625
3006,10.534355883764341
3007,5.850861579252563
3008,4.76684151643796
3013,6.288454003369251
3014,5.76531657853352
3015,2.850418062340651
3016,0.957675110763472
3017,2.1395509114375777
3018,4.674236389042741
3019,12.894331945515875
3020,13.473256495635953
3021,13.161110541550572
3022,12.398507050770615
3023,12.688165894045365
3024,13.646730147336827
3025,12.709925996326115
3026,12.724813032128809
3027,12.129987655217795
3028,13.095368716857118
3029,12.74247007455562
3030,13.241437861118243
3031,13.10671846160662
3032,12.633508526681654
3033,12.372543110272904
3034,12.308766747778616
3035,17.596723601797493
3036,16.074538765703693
3037,15.664804243268822
3038,16.453419848050938
3039,12.620524207556238
3040,11.678759738738147
3041,12.39531165908775
3042,12.782160637036997
3043,13.181947070278381
3044,9.493102296539593
3045,7.771591498131525
3046,6.494097014173225
3047,4.215337799193358
3048,4.215337799193358
3049,6.135492152750532
3050,7.802207949561449
3051,12.941893688922834
3052,7.004942762281946
3053,2.086568135215934
3054,11.8036816738596
3055,12.705381722118194
3056,14.395844039128844
3057,13.361985369369181
3058,13.164661724252571
3059,13.316467465545482
3060,12.963602022590587
3061,13.095368716857118
3062,13.550104444783575
3063,13.098919899559117
3064,13.298031066761123
3065,13.48871234706398
3066,12.865282920321025
3067,12.724813032128809
3068,12.573007290835898
3069,12.51311201368533
3070,12.059939865478652
3071,10.60956666331473
3072,11.936531459937177
3073,12.065454495027556
3074,15.6971305058508
3075,12.944406941714458
3076,13.000751036163027
3077,12.5261725597823
3078,12.78865847979302
3079,12.690187968199172
3080,15.986205795574532
3081,9.970799664514644
3082,7.802207949561449
3083,4.090024989554993
3084,8.54578992658124
3085,8.317709546857722
3086,9.319316353961346
3087,8.340940818468301
3088,3.7170920961128098
3089,2.1333516268889263
3092,0.2204495967511655
3094,1.1147097924473497
3095,5.690685036345467
3096,11.83129395359386
3097,12.813757989159653
3098,13.350178523689058
3099,13.098919899559117
3100,12.868834103023024
3101,13.320018648247482
3102,13.316467465545482
3103,13.550104444783575
3104,12.496640873864687
3105,12.77232994884915
3106,12.960050839888588
3107,12.77232994884915
3108,16.155764407843535
3109,16.41744679553022
3110,14.629020078166372
3111,16.085716618104396
3112,12.435635776922817
3113,12.435635776922817
3114,12.133538837919794
3115,12.530413125984435
3116,17.10850526570477
3117,12.97511279385345
3118,12.861957148743407
3119,12.61697302485424
3120,12.751901004147108
3121,12.928353040598521
3122,12.763693706813317
3123,12.808245098595677
3124,12.690187968199172
3125,12.877320248370136
3126,12.039490554529845
3127,12.365145732974847
3128,12.433400137137793
3129,11.990492960456478
3130,4.352878425252755
3131,1.880374593402696
3132,2.0038768452416815
3133,5.787706739765041
3135,2.436359586007551
3136,1.6724341275431651
3137,1.7180687715132426
3138,1.0761812567678966
3139,2.936186707083735
3140,7.296894823651959
3141,13.22778552516698
3142,14.172436747754151
3143,13.265348301130812
3144,12.50473664630472
3145,13.546553262081575
3146,12.301430055688853
3147,12.076239319523014
3148,12.083467708343026
3149,12.368991927570905
3150,12.177120542841926
3151,12.4675973570065
3152,16.266519637196463
3153,16.37700005061703
3154,16.359895318940996
3155,16.445857192911905
3156,11.646039202219532
3157,12.183143062177457
3158,12.49587583063639
3159,12.177504571938135
3160,16.166195650830478
3161,16.41833150431571
3162,16.28866202013361
3163,12.447473285295628
3164,13.22520639950381
3165,13.550104444783575
3166,13.439545437492377
3167,13.334852243638096
3168,13.394747520788664
3169,12.946737818691135
3170,12.069005677729555
3171,12.581299451103664
3172,12.213635003575995
3173,9.951280522328561
3174,7.8063587278555735
3175,6.254311602169307
3176,8.996552876350172
3177,4.304295543848274
3178,1.3156873052410298
3179,2.89084812472501
3180,3.993179891570343
3181,4.576616590360314
3182,3.3917351614625924
3183,8.184415447745577
3184,12.010528193120756
3185,11.871204366680765
3186,12.935030630980854
3187,12.722857463065791
3188,12.50473664630472
3189,13.494744630598602
3190,11.672577994109373
3191,20.675464947183055
3192,18.07481013296828
3193,12.050275379025303
3194,10.776469372881765
3195,11.621069272547466
3196,9.976611050970515
3197,12.4675973570065
3198,15.880426319986588
3199,16.106500345787378
3200,15.413502719046122
3201,15.727080613245397
3202,11.884687376724342
3203,12.163726832918416
3204,11.77416655065989
3205,12.724813032128809
3206,12.42127559958546
3207,12.595809475904693
3208,12.864622877695856
3209,12.740898508604957
3210,13.059521328042864
3211,12.740898508604957
3212,13.393617389464662
3213,12.748349821445109
3214,11.237080942730863
3215,12.471025588161144
3216,12.429848954435794
3217,15.270447196059203
3218,12.90571030623294
3219,10.964197123337923
3220,3.864127526419073
3221,0.06053420621035835
3222,-0.39666768336998703
3223,4.564674966060888
3224,5.749812312815983
3225,5.361385485945866
3226,6.412876273103503
3227,16.673473213140266
3228,11.869454888620872
3229,10.15785549217019
3230,11.98016083951938
3231,13.786879431867327
3232,13.417091474381024
3233,13.394737603417084
3234,12.012953940087792
3235,20.75267970004599
3236,18.07481013296828
3237,17.848939440718134
3238,16.93634951646248
3239,16.218284091132542
3240,16.106500345787378
3241,16.074538765703693
3242,15.515034645740243
3243,15.413502719046122
3244,15.727080613245397
3245,16.128852450889642
3246,15.06935357551016
3247,15.381541138962438
3248,12.140054726078485
3249,12.578821659618697
3250,11.95073063309159
3251,12.599360658606692
3252,13.13359797087267
3253,12.607336032092563
3254,12.608336782818407
3255,12.243150126775705
3256,12.81810113660773
3257,12.898339986510758
3258,12.234239149318133
3259,12.819808283040627
3260,12.498008375154619
3261,12.192521648626071
3262,12.839523321303675
3263,12.434192333772257
3264,1.0445019430145273
3266,5.88861273517076
3267,2.5383052294783113
3268,3.476102252359176
3269,2.886071705427363
3270,5.460599800207996
3271,8.770501873381953
3272,12.834133505544397
3273,11.998285420339146
3274,11.966323840255463
3275,14.135938293905228
3276,12.763726364263903
3277,12.428880632464432
3278,12.926415308041443
3279,20.00479844444514
3280,16.89034194152183
3281,16.89389312422383
3282,17.755698600990023
3283,17.708376790313693
3284,16.27340305535441
3285,15.777693314030355
3286,15.126616243511018
3287,15.055592666868744
3288,15.727080613245397
3289,15.253472523825964
3290,15.28854577424842
3291,10.123117492073732
3292,13.752159074884194
3293,11.636215030949842
3294,11.91213844359103
3295,12.282683492315988
3296,12.639272837375346
3297,12.474576770863143
3298,13.103269626532978
3299,12.474576770863143
3300,12.970466583074034
3301,12.898339986510758
3302,12.943186635989136
3303,13.10880301551751
3304,12.894788803808758
3305,12.539332729981965
3306,12.043041737231844
3307,7.563740988040691
3310,8.443496438447152
3311,5.987877186580453
3312,11.893199498325094
3313,12.051507520245941
3314,11.59498090072959
3315,12.467070439781878
3316,13.320018648247482
3317,13.23759643752495
3318,13.776814360060689
3319,12.77215674164693
3320,13.48871234706398
3321,13.098919899559117
3322,20.30831271819581
3323,17.69317718697731
3324,16.449374735099983
3325,16.172682256392783
3326,15.275240249701415
3327,16.08936354651727
3328,15.342479142403848
3329,15.430607450722158
3330,15.970136491405151
3331,16.354066350057458
3332,12.49587583063639
3333,16.348302001847134
3334,12.91876869940488
3335,12.90571030623294
3336,12.448000763633909
3337,12.52476688968084
3338,12.361948604091381
3339,12.430641151070258
3340,12.713477179028114
3341,13.294575237050143
3342,12.898339986510758
3343,12.81496283772531
3344,12.474576770863143
3345,12.381829025680858
3346,12.370960101757646
3347,12.170194006458193
3348,4.919102187456759
3350,-0.05979156932416979
3351,11.695899687633881
3352,12.177331364735915
3353,12.775707924348929
3354,12.857952532565887
3355,13.320018648247482
3356,12.542554309500614
3357,13.621457436065779
3358,13.08968120348444
3359,12.924801857896522
3360,12.754328155328519
3361,17.691862951241635
3362,17.438531715677037
3363,16.547290825571704
3364,15.566000030921831
3365,15.413502719046122
3366,14.971806616527568
3367,16.673473213140266
3368,15.771031654755461
3369,15.380226903226768
3370,15.254786759561634
3371,11.77416655065989
3372,12.724813032128809
3373,15.721508854618987
3374,15.717957671916988
3375,12.448000763633909
3376,12.771039531641877
3377,12.827678540860695
3378,12.581299451103664
3379,12.748349821445109
3380,13.212106945719958
3381,12.898339986510758
3382,12.79319959030105
3383,11.967143620773234
3384,11.951700405080851
3385,12.129631398708973
3386,12.109314336077466
3387,5.181168169352348
3388,0.19010601303589464
3389,0.13576586470874508
3390,5.047281913329166
3391,11.953446340751968
3392,12.337307339292797
3393,13.10671846160662
3394,13.153497244866802
3395,12.771058384046533
3396,12.608192407026275
3397,12.023944885881063
3398,12.940341033538473
3399,12.873657769834377
3400,17.739184761917965
3401,16.89034194152183
3402,16.127160372872492
3403,15.274143454722148
3404,15.310517562320165
3405,12.65348968140991
3406,12.932363184737437
3407,15.771031654755461
3408,15.354700895122706
3409,15.402995170987898
3410,10.401030090604358
3411,8.971548524918036
3412,15.885561435067858
3413,15.721508854618987
3414,12.43562031743566
3415,12.292049043800786
3416,12.834109651919373
3417,12.031737386212654
3418,12.5246390392054
3419,12.815871695180572
3420,12.864622877695856
3421,12.92595885153047
3422,11.391138601617648
3423,12.234239149318133
3424,12.069005677729555
3425,12.710731298970865
3426,1.6189930754076847
3427,0.19010601303589464
3428,3.0960534476089996
3429,12.083170763358476
3430,11.737001730230963
3431,12.113691641067195
3432,12.640928003517908
3433,13.06360936767468
3434,13.353800350078012
3435,12.817542672792479
3436,18.368152744812196
3437,16.613277802781845
3438,16.547290825571704
3439,16.304291150420184
3440,16.34583658818077
3441,16.28167726575854
3442,15.695119033161713
3443,16.514757253655777
3444,16.367124490684795
3445,15.227946515721902
3446,16.427455907553227
3447,13.710662911947983
3448,12.273829769666067
3449,12.109314336077466
3450,12.49525176648113
3451,12.678271716563552
3452,12.413756176480726
3453,13.314706331507802
3454,12.34092886595076
3455,12.792209662495019
3456,12.771039531641877
3457,12.827678540860695
3458,11.967143620773234
3459,11.967143620773234
3460,12.473708795485704
3461,12.069005677729555
3462,12.514885429211054
3463,1.1558653211310397
3464,12.763726364263903
3465,12.766196584492324
3466,11.893845118819927
3467,11.63521507495581
3468,5.638503690412864
3469,5.917912552728752
3470,10.87409925260023
3471,13.32473511249172
3472,16.702245745060964
3473,17.60810018142643
3474,16.886214642295553
3475,15.824584089876941
3476,15.56955121362383
3477,15.38666247520639
3478,12.183143062177457
3479,15.995745116434447
3480,15.362866244331368
3481,16.232845404023323
3482,13.098839331161566
3483,12.907107445273741
3484,12.14595535318442
3485,12.21100458552261
3486,13.323175813099295
3487,13.58198794151176
3488,12.963223974712253
3489,12.785711819738996
3490,12.535781547279965
3491,13.22520639950381
3492,12.928499861952334
3493,12.155017746859304
3494,11.956377510957793
3495,12.282683492315988
3496,11.952826328255794
3497,12.381829025680858
3498,2.8375451308576127
3499,4.351562644159522
3500,12.354029262612205
3501,12.471019537489818
3502,11.956377510957793
3503,11.951700405080851
3504,9.008177937253597
3505,8.88620898693006
3506,10.267855014155652
3507,6.26728968026875
3508,11.915628677556073
3509,13.164661724252571
3510,14.978672740090904
3511,16.743012735170204
3512,16.52359259939188
3513,12.177504571938135
3514,12.435635776922817
3515,12.77232994884915
3516,12.724813032128809
3517,20.172757783084073
3518,16.25173910892486
3519,12.282683492315988
3520,12.317220787664032
3521,12.286234675017987
3522,12.475812517244613
3523,12.52476688968084
3524,13.13004678817067
3525,13.047416258528898
3526,12.857838416302272
3527,13.208555763017959
3528,12.928499861952334
3529,12.471019537489818
3530,11.926862387758083
3531,12.282683492315988
3532,12.292049043800786
3533,8.6317619382174
3534,0.34057086645034135
3535,11.765090148780564
3536,12.393356090024731
3537,12.928499861952334
3538,12.474576770863143
3539,11.858072687374797
3540,5.034343786267328
3541,4.254266204174892
3542,5.317022691055983
3543,6.519574828723867
3544,12.665164311488057
3545,12.50473664630472
3546,12.387197385505704
3547,13.631103229917983
3548,13.533708249558103
3549,12.282802807280905
3550,12.788865450676564
3551,12.728364214830808
3552,16.181402650153114
3553,12.724813032128809
3554,15.83058583868875
3555,12.312198615515697
3556,12.0910785975229
3557,12.475812517244613
3558,12.463292762159758
3559,11.930413570460082
3560,12.141278247307477
3561,12.618217510227062
3562,12.74438746491165
3563,12.771039531641877
3564,13.36504377083963
3565,14.170185233090043
3566,12.155119634227281
3567,15.702690149916032
3568,12.481626886027412
3569,8.423544268375506
3570,0.19010601303589464
3571,5.638503690412864
3572,12.354029262612205
3573,12.354029262612205
3574,12.685039799869896
3575,11.967143620773234
3576,12.14376877372389
3577,12.572411633098135
3578,12.160560215221405
3579,12.034112832611795
3580,13.430321095746985
3581,13.218829687397305
3582,11.967143620773234
3583,12.471025588161144
3584,13.881380315802906
3585,13.339498778737898
3586,13.58969660595774
3587,12.771058384046533
3588,12.724813032128809
3589,12.61858167147203
3590,12.50894407905248
3591,17.274097777649377
3592,13.369141129855361
3593,12.14595535318442
3594,13.359731129541142
3595,13.381454059867036
3596,13.535582248212238
3597,12.551526446318007
3598,12.547975263616008
3599,12.155328091361273
3600,12.581299451103664
3601,12.987046477039046
3602,12.857838416302272
3603,12.361948604091381
3604,15.851737391842404
3605,12.341874340651957
3606,2.2327907265660727
3607,12.26439902475971
3608,11.240431217925133
3609,10.783345513355135
3610,12.034780583110335
3611,12.338424791922522
3612,12.18548796680285
3613,12.508475498097871
3614,12.807598878492266
3615,12.98469830971782
3616,13.430321095746985
3617,13.065892862277632
3618,11.240431217925133
3619,13.71307559440971
3620,11.571441755182825
3621,12.474576770863143
3622,12.315652322247399
3623,12.95136153761171
3624,12.398862841789748
3625,12.39531165908775
3626,12.392108479532958
3627,12.859272349547524
3628,12.635769434676085
3629,11.501805385887414
3630,11.958281565597387
3631,12.908194209083623
3632,11.344557776500276
3633,12.404567950227994
3634,12.975289661965622
3635,12.468671284331903
3636,12.434192333772257
3637,13.158192296860552
3638,12.394337920960115
3639,12.897324290031323
3640,12.535781547279965
3641,12.4862235007857
3642,1.1912766886844277
3643,5.818806843978041
3644,12.320312153797303
3645,12.354029262612205
3646,13.242709377818471
3647,12.367180727951514
3648,12.392108479532958
3649,12.06853571638155
3650,12.874771707975142
3651,12.79907746627969
3652,12.51034347450579
3653,13.191318822447927
3654,12.71509601082798
3655,12.970466583074034
3656,13.32473511249172
3657,12.392108479532958
3658,12.288087352590694
3659,12.392108479532958
3660,12.813330684758709
3661,8.412410970024647
3662,6.128570142665829
3663,6.048611248186503
3664,5.4873463052077565
3665,12.79907746627969
3666,11.584626197875691
3667,12.488262338944486
3668,12.301335644112608
3669,12.626484908393273
3670,12.361948604091381
3671,12.933965307138276
3672,12.513705622854843
3673,12.270834651255065
3674,13.340478936437355
3675,12.392108479532958
3676,12.474576770863143
3677,12.731671761776266
3678,10.780577197965
3679,0.5040817916321273
3680,11.240431217925133
3681,11.967143620773234
3682,12.572411633098135
3683,12.980521785825754
3684,12.832128263530262
3685,12.629600385169633
3686,11.68210853945259
3687,11.47687763430597
3688,13.11045047601855
3689,13.966059698866095
3690,12.651074720175199
3691,13.768381780394384
3692,13.94362160816291
3693,12.651322691054995
3694,12.777139698959553
3695,11.23811880169897
3696,12.180409790830844
3697,12.581686321759584
3698,5.365738445073747
3699,9.327126337247865
3700,5.546915551270093
3701,10.872711225589311
3702,5.762334617440212
3703,12.052882653461555
3704,11.957155642422444
3705,12.926411775506551
3706,12.530506708177386
3707,12.392108479532958
3708,12.651412659974717
3709,13.017256383087322
3710,12.87714672614107
3711,12.511939544845585
3712,12.918471080968416
3713,12.914919898266417
3714,12.387197385505704
3715,4.820132155592998
3716,0.5040926086751489
3718,10.207340494199551
3719,12.26439902475971
3720,12.367180727951514
3721,12.052882653461555
3722,12.939197430998409
3723,13.098407470130022
3724,12.292448511952966
3725,12.76198947532476
3726,12.581686321759584
3727,13.235876436188844
3728,11.63521507495581
3729,12.160560215221405
3730,12.99617484874575
3731,12.839103289688262
3732,12.392108479532958
3733,12.180409790830844
3734,11.825752236076204
3735,12.76198947532476
3736,6.109318709077222
3737,6.406726953563932
3738,5.569171234097085
3739,8.625400871931328
3740,10.312915937030262
3741,12.32650087557631
3742,11.86131910188149
3743,13.357911723268794
3744,12.928670413396592
3745,12.122608991676689
3746,12.39756371687455
3747,12.658249126558529
3748,12.381083104575993
3749,12.815871695180572
3750,12.928499861952334
3751,12.607336032092563
3752,11.26724081817244
3753,3.7189348934051876
3754,11.391138601617648
3755,11.816436237080719
3756,11.967143620773234
3757,11.890462004243531
3758,12.807598878492266
3759,12.875381389616047
3760,12.419864395663165
3761,13.381454059867036
3762,13.31110927421686
3763,12.551526446318007
3764,12.077810405043
3765,11.888232562816373
3766,11.888232562816373
3767,13.248580299795304
3768,12.581686321759584
3769,12.077810405043
3770,12.180409790830844
3771,12.367403841432974
3772,12.83244234063465
3773,11.823861725942978
3774,11.538380438440848
3775,12.221385670654724
3776,15.799779444775618
3777,10.473813467933326
3778,14.259386336968296
3779,12.730321739465392
3780,13.435146536449002
3781,12.331495519554185
3782,11.166491330937683
3783,13.165327134121288
3784,12.684285707547428
3785,12.288087352590694
3786,12.511939544845585
3787,12.109314336077466
3788,12.105763153375467
3789,12.56513455874256
3790,2.4139183623836495
3791,11.939234597826713
3792,12.354029262612205
3793,11.26724081817244
3794,11.188329760215579
3795,11.188329760215579
3796,12.581686321759584
3797,11.823861725942978
3798,13.40638181144848
3799,13.905307784451564
3800,12.581686321759584
3801,12.077810405043
3802,12.077810405043
3803,12.255777707852312
3804,13.582253653780409
3805,12.863293653643865
3806,13.357911723268794
3807,12.487234906745602
3808,11.732189194576149
3809,12.2026030921311
3810,12.859620249508534
3811,11.546603972521103
3812,11.329460307314726
3813,21.111396991400873
3814,16.632981530916137
3815,12.481626886027412
3816,12.088502114592275
3817,12.963223974712253
3818,13.20222624801131
3819,12.439696959390249
3820,11.571531724102547
3821,11.377907602442205
3822,12.494707865320802
3823,12.572411633098135
3824,11.9766945735893
3825,12.361948604091381
3826,12.530506708177386
3827,0.4691645312522948
3829,8.622189647765095
3830,13.236788320815847
3831,12.357037510064128
3832,9.112067554880841
3833,9.589764922855892
3834,11.501805385887414
3835,12.796774315065019
3836,12.275521903893596
3837,12.470811439706456
3838,13.40638181144848
3839,12.925119230694593
3840,12.651412659974717
3841,12.907138255006231
3842,13.245514587461429
3843,12.928670413396592
3844,13.40638181144848
3845,11.838518620380619
3846,11.459105303134908
3847,11.581185558487778
3848,12.153499051266564
3849,12.392108479532958
3850,12.361948604091381
3851,11.926862387758083
3852,12.11361059066921
3853,12.11361059066921
3854,13.014219391222374
3855,12.088502114592275
3856,12.310272500385667
3857,11.30580395375719
3858,12.647861477272718
3859,12.902252846646224
3860,12.857695232905307
3861,12.494707865320802
3862,11.93810238408874
3863,11.984355917282379
3864,8.323672782981205
3865,0.2204495967511655
3866,2.5240818403540293
3867,12.493920261573372
3868,12.926415308041443
3869,12.192541367307072
3870,5.341335223947706
3871,10.511596217381884
3872,10.968334409754918
3873,12.730321739465392
3874,13.266060342584503
3875,12.910327801739152
3876,12.877578143150451
3877,11.992576279267404
3878,13.06022014537639
3879,12.637377317418547
3880,13.2472932328345
3881,12.696817563350383
3882,9.324434038355733
3883,8.950575499250613
3884,6.072802357255026
3885,11.046033652499657
3886,4.42671174950807
3887,1.249108926795693
3888,5.392820300945323
3889,9.006690210381585
3890,15.532078915629134
3891,11.91213844359103
3892,10.74448820248652
3893,12.635769434676085
3894,11.573511312531862
3895,12.252710144480362
3896,13.491412427782038
3897,12.55675857017814
3898,11.97981702632515
3899,12.392108479532958
3900,11.158169884774003
3901,11.858072687374797
3902,4.709938976026198
3903,0.19010601303589464
3905,12.16290972431568
3906,12.542554309500614
3907,12.542554309500614
3908,5.471731358902184
3909,4.9347552503767576
3910,12.194818946289132
3911,12.21392807476257
3912,11.980340319711225
3913,12.17355603571998
3914,12.61121279875385
3915,12.56858129842299
3916,13.174833547136927
3917,12.077810405043
3918,11.87687525052954
3919,8.943399296696981
3920,6.83953844216256
3921,3.649451808162859
3922,5.0595261702683985
3923,5.025948836588284
3924,0.5423406348721673
3925,8.778296345426302
3926,6.409431671498669
3927,10.920333090157868
3928,12.624567711617347
3929,12.98469830971782
3930,13.20222624801131
3931,13.028681131914889
3932,12.626484908393273
3933,12.964125182579853
3934,13.005449537407198
3935,12.74438746491165
3936,11.858072687374797
3937,11.158169884774003
3938,2.3101663170438074
3939,5.731709480111646
3940,12.620351000354018
3941,12.771058384046533
3942,11.816436237080719
3943,12.392108479532958
3944,12.629600385169633
3945,10.367433830038728
3946,12.400947864063891
3947,12.438405240002403
3948,11.379958248808563
3949,12.048130075549684
3950,12.902505894731895
3951,12.952375716004262
3952,17.979302581389252
3953,9.543978676117783
3954,5.562658840307951
3955,3.205187790228393
3956,3.1713260596915487
3957,0.34057086645034135
3958,8.492235319116704
3959,7.21040901672072
3960,11.158169884774003
3961,13.031099247740178
3962,13.59128234916883
3963,12.55675857017814
3964,12.106270620896506
3965,12.010995518930407
3966,13.430321095746985
3967,12.71509601082798
3968,12.806658802720074
3969,12.338323157949958
3970,8.946582005953381
3971,1.4755167964955038
3973,5.408885248763487
3974,11.312227543660788
3975,12.014515792723955
3976,11.574905663048638
3977,11.10347416043589
3978,13.174833547136927
3979,12.945111837715405
3980,12.543653546841545
3981,13.082809048297072
3982,12.592487179197645
3983,12.844705460510768
3984,14.683427813977184
3985,4.147863650214098
3986,2.372572206308247
3987,2.372572206308247
3988,1.5346734569482667
3989,5.435694849010797
3990,12.940306707632457
3991,14.039191070763474
3992,12.963223974712253
3993,12.399866745098564
3994,13.40283062874648
3995,12.963223974712253
3996,12.874771707975142
3997,13.430321095746985
3998,12.680571423529289
3999,11.956377510957793
4000,10.810737073406576
4001,0.6991757278730355
4003,12.413835496773554
4004,12.903742661815148
4005,12.64785643372893
4006,11.96764852768596
4007,12.297919805694397
4008,12.631844402003303
4009,12.676136465030556
4010,7.405274934120343
4011,12.17489941111488
4012,9.453718561390554
4013,2.9091439512458246
4014,2.372572206308247
4015,2.01289536350483
4017,5.268922517500116
4018,13.850570186428476
4019,10.611503383758453
4020,8.58929626260899
4021,12.612668622766078
4022,11.899650108166398
4023,12.47766519481732
4024,12.241401095840443
4025,12.361948604091381
4026,12.155328091361273
4027,4.976050969186375
4028,0.19010601303589464
4029,3.44540467389265
4030,13.381454059867036
4031,11.96764852768596
4032,11.96764852768596
4033,12.021009342612446
4034,13.030742159659289
4035,12.952375716004262
4036,7.646191580841729
4037,8.256646144664606
4038,6.409672272264328
4039,1.5641694963187647
4040,0.537207554036367
4041,-0.0025375545765156365
4042,0.2739465337961564
4043,0.2739465337961564
4044,4.524320381585549
4045,5.814156890020341
4046,11.480506988230049
4047,12.139802377263203
4048,11.956377510957793
4049,11.858072687374797
4050,3.906032980639221
4051,12.2026030921311
4052,11.838518620380619
4053,11.917135814098232
4054,11.96764852768596
4055,13.065452269236522
4056,12.237416378036604
4057,6.82244310167686
4058,0.07902282250795777
4059,1.5346734569482667
4060,0.03611286657618754
4061,2.026070895894466
4062,5.140407544718112
4063,5.36322708343162
4064,1.259617366470882
4065,2.715652934910047
4066,5.6475302417368995
4067,5.518682813459766
4068,6.800232588241366
4069,6.322978899132775
4070,2.366936055883894
4071,0.34057086645034135
4072,0.5448126964225228
4073,0.5790544581738598
4074,-0.16928310219197812
4075,4.740552822605396
4076,2.3464485844574874
4077,0.18373577344947306
