fid,erosion_score_pred
103,0.6481535970290841
104,0.6728443829786137
105,0.693834197735365
106,0.7046577427017013
171,0.6015452022732353
172,0.6861079689641162
173,0.6901416608888838
174,0.6778709746140793
238,0.5474372605402607
239,0.6026758212301017
240,0.606568250624857
241,0.6746225291464131
242,0.647978856295347
304,0.6660720664776943
305,0.5998963300270076
306,0.5857711169700057
307,0.6303379309931527
308,0.5466065249014723
309,0.6125235965416609
310,0.6289138636631567
311,0.6756613500388235
321,0.6622190241823084
322,0.4870680174037579
323,0.47372585359463254
324,0.6553292122570279
325,0.7142602500693966
326,0.6709318457113397
327,0.6453363652881307
328,0.6105648448548404
329,0.6184905353203582
330,0.6839517327236706
331,0.6834799782995534
332,0.7110052833024727
335,0.7113055167309446
372,0.6734318674492257
373,0.6741424349864286
374,0.6356056367020878
375,0.6162307859066006
376,0.5698464251547932
377,0.6544590110911052
378,0.659495090635103
379,0.6646305316668333
380,0.6815877280115534
381,0.6991377997756424
382,0.7072176124466832
383,0.6870259466273873
384,0.6973979320661253
385,0.7032218400495086
386,0.6587323710738895
387,0.616523207798338
388,0.6485088164615547
389,0.6700437583541443
390,0.6254580173369957
391,0.62383520383909
392,0.6246599308265093
394,0.7129296549224433
395,0.6753965661054624
396,0.6377314740615281
397,0.6477218030076487
398,0.7105390391300833
399,0.7004158215014097
400,0.7070763725865149
401,0.714028316615742
402,0.696422209799625
403,0.6781355992461631
404,0.7008423700920072
440,0.6877494947299913
441,0.6780626360006045
442,0.6641658667548981
443,0.6636129116990938
444,0.6344110602846835
445,0.6528064689546335
446,0.6739270756321597
447,0.6920330682445685
448,0.6974885189589715
449,0.6775566143194177
450,0.6341127270413697
451,0.6808067577956833
452,0.6906677210996207
453,0.6866227786440621
454,0.6708569655720528
455,0.6684043545801863
456,0.6402776422650033
457,0.659690610243136
458,0.6976936165326737
459,0.6239158132426045
460,0.6139096563470067
461,0.7146012115572159
462,0.678910392290983
463,0.640942538160275
464,0.6451046791543212
465,0.7129495254231365
466,0.7095679752886318
467,0.6947914450236755
468,0.697388010175843
469,0.6996196513104675
470,0.6964784424761586
471,0.6829057009550017
472,0.6879665101385224
508,0.6825724313198344
509,0.6711788368989852
510,0.6851785505600044
511,0.6852878710389683
512,0.6615974087491859
513,0.6654020961978538
514,0.6858696622238803
515,0.6951414121112617
516,0.7067983523353466
517,0.6947569793530376
518,0.687989261342328
519,0.6992724332464071
520,0.6956676494377813
521,0.6852289439735476
522,0.6639821579690334
523,0.6666999731320497
524,0.6852608976972114
525,0.6640845991810642
526,0.6892822600584919
527,0.5978383588802497
528,0.6675198816391802
530,0.6914334436415476
531,0.6755864722905951
532,0.7094938216755378
534,0.7048336928354151
535,0.6855403742977284
536,0.7034955274430611
537,0.6726797870997678
538,0.6802374173326741
539,0.6933240958494419
540,0.6611360267971447
576,0.6987758017510759
577,0.6969665692282413
578,0.7034735095318548
579,0.7034821801725974
580,0.6955027609760698
581,0.6933663981136198
582,0.7018663780530265
583,0.6956749571930961
584,0.7012214914934666
585,0.6819006650123502
586,0.683975099561299
587,0.6832160040687056
588,0.6777353319565681
589,0.6815603471143725
590,0.6547829237094401
591,0.6770659026213934
592,0.7036740682703316
593,0.679212573683977
594,0.647560680785536
595,0.5236457771542746
596,0.6843813570169243
598,0.6876193954075492
599,0.6831973650221145
600,0.7113198153235811
602,0.7130965579134197
603,0.7155228012200909
604,0.7137946128548248
605,0.6884741073540341
606,0.6899069390163763
607,0.6873487996332608
608,0.6539653141255198
644,0.6997785913319519
645,0.6975146809809868
646,0.7122580243115058
648,0.7165381518062529
649,0.7101309400229756
650,0.7111620000854351
651,0.7080878388936214
652,0.7082845523566876
653,0.6766576603439151
654,0.6734329524723038
655,0.6885360444938395
656,0.6941091555451767
657,0.6894755133120136
658,0.6879813336312754
659,0.7063059631581791
660,0.6929963295836647
661,0.6772236382864236
662,0.5889386928181196
663,0.509591906827771
664,0.6275828085916137
665,0.6947293759471841
666,0.6777392165113433
667,0.7121446500931203
668,0.703680039889652
669,0.7129273012580222
670,0.7064297500309045
675,0.7111830083694997
676,0.7001758186390735
695,0.6145488993401813
696,0.6406683849120521
697,0.6641048409929963
698,0.6629221578408605
699,0.687314536613981
700,0.7154118476768347
701,0.6847554768679376
710,0.6410992868819924
711,0.6607997817452513
712,0.6837394516233993
713,0.6963324814535676
714,0.7095596515551836
715,0.7099616343576827
716,0.6955374927153619
717,0.7025091755509995
718,0.6937505198064561
719,0.6851471057370528
720,0.700951157779032
721,0.696404129332024
722,0.6875010318416892
723,0.6331439798966333
724,0.670970657783062
725,0.6805984125419108
726,0.6744369156309012
727,0.6851415136329908
728,0.699727877247215
729,0.6674038754849564
730,0.5327316888795881
731,0.5195539241720833
732,0.6737209775837937
733,0.6801840032748321
734,0.6903848598025666
736,0.7147982204633603
737,0.6746365096891519
738,0.6687144688856516
740,0.7007593567178639
741,0.6982762125788142
742,0.7163923620878045
743,0.6748056548880138
744,0.6485132477669111
760,0.6854168118769477
761,0.6398991272863719
762,0.6418324903074776
763,0.5937489747439455
764,0.6340084574462
765,0.6530607525642664
766,0.6477297750192935
767,0.6494006668132128
768,0.6889412792101788
769,0.692992002565206
770,0.690531809259559
771,0.6797659126870066
772,0.6765903136785056
773,0.6969661168018231
774,0.6903918727449337
775,0.6865637957577951
776,0.6783002120711105
777,0.6516095160257678
778,0.6587263765739254
779,0.6652153647704832
780,0.7052488304495473
781,0.7053807988068527
782,0.7036739463808531
783,0.6723234341937571
784,0.6443894474934001
785,0.6879698598903928
786,0.6644722667808175
787,0.6627676365056834
788,0.6721354438516759
789,0.6969670603574724
790,0.6626238147325677
791,0.5799445355584038
792,0.6646393809213647
793,0.6761214400526253
794,0.685790001574915
795,0.6834956979189688
796,0.7366128792993029
797,0.6834186906303258
798,0.5216850628759023
799,0.5798892133715624
800,0.6601311508736054
801,0.6404006042213599
802,0.6471556828130174
803,0.6931616782683978
805,0.6736664591859557
806,0.7008115326621394
808,0.7046291863402849
809,0.716191146723553
810,0.7087897540798901
811,0.672137249985526
812,0.6985911288870871
828,0.7133215693886934
829,0.6322201051169902
830,0.6797481180341799
831,0.7371886868466136
832,0.6945020962113103
833,0.6856287803448774
834,0.6975005887655048
835,0.6996364902410879
836,0.6929112871108221
837,0.6827741516022937
838,0.6764723563459406
839,0.674565173419432
840,0.6775363799613484
841,0.6892568852949879
842,0.679920948760148
843,0.6620421610475902
844,0.6373448993765373
845,0.6346724469578127
846,0.6581927260309662
847,0.6846198946170362
848,0.705664778678007
849,0.6527644584019424
850,0.6717238633988573
851,0.6443233475960276
852,0.6416080080211601
853,0.6733032272133836
854,0.690393073401044
855,0.6959867311276304
856,0.6743027944708969
857,0.6629873574755473
858,0.635784445128227
859,0.6288744609682924
860,0.6675427983440891
861,0.6570834741819916
862,0.6821231248527383
863,0.6924359379781742
864,0.7064700204273087
865,0.6403343315536824
866,0.5704439721667149
867,0.6116231422545629
868,0.6734570620046528
869,0.5788105410041631
870,0.5378456914115199
871,0.6131418340477015
872,0.6809967422176867
873,0.6355269355308379
874,0.6874986051863631
875,0.6435483652647382
876,0.6227785096577794
877,0.6965791610517434
878,0.6944864483120224
879,0.6724440319375257
880,0.6901253786987186
896,0.6657422129938678
897,0.6801610910559802
898,0.721395106323791
899,0.7122315940683979
900,0.67475706573818
901,0.6639374524013606
902,0.6964947215581753
903,0.7015197202614954
904,0.6931252511736213
905,0.7024933594148473
906,0.6901343965522307
907,0.6956233665591058
908,0.6991416554884043
909,0.6770525640361711
910,0.6584949260960298
911,0.627611387455217
912,0.5549377470606838
913,0.5324674130258588
914,0.5759998263342573
915,0.6674916687087932
916,0.663333549239254
917,0.6036556109159894
918,0.57333180076457
919,0.5394035963246286
920,0.5549481512389314
921,0.6368305162992501
922,0.6806707749302799
923,0.6959502405702016
924,0.664936304417555
925,0.6842721656253402
926,0.6938263097945117
927,0.6165163369728363
928,0.6938269660140811
929,0.6700471003175335
930,0.6901191331870898
931,0.7119933021900314
932,0.7150750424449449
933,0.6280681599514559
934,0.5456567844710629
935,0.5615500157424657
936,0.6379490114783475
937,0.6385468033367212
938,0.6166159139716632
939,0.6347371215851592
940,0.6577905540041488
941,0.5956194449782788
942,0.6393023663537295
943,0.6055750777827823
944,0.5909445213661694
945,0.6727495205494181
946,0.6929971848625928
947,0.6892402079246616
948,0.6884106733826499
967,0.6842813643283601
968,0.6754843341503335
969,0.7009618251404857
970,0.6918400548558687
971,0.7057921706556393
972,0.7169377328543911
973,0.7082846470319806
974,0.7009561161919513
975,0.7247058197863786
976,0.654134951009351
977,0.6034914538572654
978,0.6227969181300766
979,0.5943780722225765
980,0.5306502683815982
981,0.4978170830592071
982,0.5111026048944491
983,0.5790762049720567
984,0.6329350185275483
985,0.6048306001505467
986,0.5399607348056197
987,0.5617031047267933
988,0.5194332004143137
989,0.6107464581608866
990,0.6778591177210281
991,0.7009511997103507
992,0.7006069708780728
993,0.69642301643416
994,0.6717338050333691
995,0.6315220232959637
996,0.6987239174271125
997,0.702340114349086
1001,0.65218519223946
1002,0.5165169726418181
1003,0.5738921620184737
1004,0.6072935582450111
1005,0.6273955612286488
1006,0.6420715375036269
1007,0.6630864019945603
1008,0.610918622400695
1009,0.5940185614752571
1010,0.631754557045862
1011,0.6276128801802326
1012,0.6274607628938377
1013,0.6455881295086534
1014,0.6661101362349071
1015,0.6521862153887806
1016,0.7123300145691797
1032,0.6907402415837886
1033,0.7004353572027768
1034,0.6948376217116992
1035,0.6750919719270467
1036,0.7058117085255707
1037,0.7072032552405678
1038,0.6896786851198835
1039,0.7011953625992302
1040,0.7038906476080263
1041,0.6769511490915038
1042,0.6855348869902154
1043,0.6845014940311493
1044,0.5757633634767079
1045,0.5330173300021073
1046,0.5858586392856909
1047,0.5470323271656576
1048,0.5110513541351905
1049,0.49494921548635146
1050,0.4881775160088134
1051,0.5613312690129886
1052,0.5680999177909649
1053,0.5313983533326443
1054,0.4859680871090431
1055,0.5165616495431631
1056,0.536582229378901
1057,0.5799180431814414
1058,0.5867877263783465
1059,0.6588383550709209
1060,0.7052477569201273
1061,0.6854637360078042
1062,0.6882804288875579
1064,0.6967753875066199
1065,0.692026998267242
1067,0.7118917889864556
1068,0.7107586276727728
1069,0.6440545514595528
1070,0.5242603650548858
1071,0.561817847790603
1072,0.6410279423034766
1073,0.6405298506515151
1074,0.698116888727727
1075,0.7149074223012055
1076,0.6919925001439056
1077,0.6920289786433503
1078,0.7082988251244147
1079,0.6667551332304291
1080,0.6815652338660537
1081,0.6642126621278156
1082,0.6559407960526382
1083,0.6898121612699506
1099,0.671068320875922
1100,0.679974043465247
1101,0.6992775302322317
1102,0.6610255474473458
1103,0.67591972982641
1104,0.6956712774271125
1105,0.6903694900202504
1106,0.6597374769106259
1107,0.6154257786254254
1108,0.5920046109911568
1109,0.5596429065656128
1110,0.5857398906332592
1111,0.6213718582409534
1112,0.5458738951463545
1113,0.5423607307438396
1114,0.6009104449500555
1115,0.531705028829032
1116,0.5280292924207614
1117,0.5511392233613758
1118,0.5708749789412754
1119,0.6419065727195975
1120,0.6553192797143623
1121,0.6544622974236334
1122,0.6241615072313919
1123,0.6055755605511964
1124,0.6149293566438672
1125,0.6224209130766455
1126,0.5435492299980995
1127,0.5471831929158062
1128,0.6556384751144617
1129,0.6711326186878181
1130,0.6921715694017113
1131,0.7157499158655415
1132,0.6983224716134521
1133,0.6854556116943145
1134,0.6907543055295996
1137,0.6960278067469704
1138,0.5747701996228273
1139,0.5317584034779888
1140,0.6646299120457859
1141,0.6711333385490404
1147,0.7105581126980314
1150,0.714008681790754
1151,0.7025095550515333
1166,0.688869567124545
1167,0.6869059683418828
1168,0.6700919821720948
1169,0.6664224379372559
1170,0.6660110449501463
1171,0.6629212845588012
1172,0.680021862292791
1173,0.6684743673547531
1174,0.6480705101036057
1175,0.6654770835149496
1176,0.635889379901716
1177,0.5966618047080433
1178,0.5644347463637881
1179,0.5992193459793489
1180,0.5747289672000314
1181,0.5301006844480016
1182,0.5734346506907324
1183,0.5729324940664399
1184,0.6661838995737392
1185,0.701987384552627
1186,0.6718268337655586
1187,0.6959587692644728
1188,0.678667600094368
1189,0.6973893010543437
1190,0.6892531238947186
1191,0.678361093332186
1192,0.6938256734681638
1193,0.6269621884731184
1194,0.5339516692460115
1195,0.5689273743146539
1196,0.6913588717157048
1197,0.7066450018692382
1198,0.703976632331985
1200,0.712933925556163
1201,0.6957442097490646
1202,0.7082178448577253
1205,0.7063290019234244
1206,0.6085740143110823
1207,0.5614497121458587
1208,0.6924498001045856
1209,0.6931510083836601
1210,0.7169514665591352
1218,0.715133459797496
1233,0.6989554494718369
1234,0.6873276605575002
1235,0.6938409164432153
1236,0.6381437339944315
1237,0.6141080660308404
1238,0.6185946487162591
1239,0.638265545784514
1240,0.6637774349694961
1241,0.6557962928821328
1242,0.6423877547715341
1243,0.6775695481484723
1244,0.7158871347515031
1245,0.7087726571777193
1246,0.6571737921944757
1247,0.5884777114389534
1248,0.5712142854355822
1249,0.5857265675020591
1250,0.5715403547551111
1251,0.5839792031813615
1252,0.6946417150268717
1253,0.7137925443443717
1254,0.7139744584484076
1256,0.7154701535741227
1258,0.7157485384826878
1259,0.6692219390274892
1260,0.6381678440660798
1261,0.6687414075480677
1262,0.6198683729002162
1263,0.65817477997371
1264,0.6900603976137615
1265,0.7167163105931608
1269,0.6857025236803839
1270,0.7098811807522301
1271,0.6852954834726729
1272,0.6908011430712355
1273,0.7116343039739359
1274,0.6508394245226284
1275,0.5818274518447855
1276,0.7003760510101488
1277,0.6980059132732886
1286,0.6815963606564717
1300,0.7024490944784638
1301,0.7095625434053981
1302,0.6914110692981914
1303,0.6807816693790859
1304,0.5927788541719013
1305,0.6158622051717819
1306,0.6218710804608676
1307,0.6505165014162986
1308,0.6630208933841951
1309,0.6628136855227343
1310,0.6474075441123405
1311,0.6446519035105935
1312,0.7024071657929912
1314,0.6937658115600279
1315,0.5676098378635162
1316,0.5739470594942239
1317,0.5930185063989033
1318,0.6159058603457753
1319,0.6451073644780737
1320,0.6691164304330058
1321,0.7004216139861494
1322,0.6933243240621931
1323,0.6624119230964624
1324,0.7118135285126571
1325,0.7124410419502786
1326,0.7117251104757952
1327,0.7004972820686441
1328,0.670145777573675
1329,0.7075053323756768
1330,0.7054940622279869
1331,0.665378726188726
1332,0.6724057454613015
1336,0.698589414634806
1337,0.6514501350020936
1338,0.7064895365625324
1339,0.693770169854855
1340,0.7079067144305273
1341,0.7148418343198215
1342,0.6471754032247768
1343,0.6098698574453223
1344,0.6534805205545052
1345,0.6641094394011758
1346,0.6650913254244213
1354,0.7136872025161575
1368,0.7048276363042517
1369,0.7036738327705417
1370,0.7024055442663013
1371,0.6705097159711959
1372,0.6329039625931736
1373,0.6402446706805935
1374,0.6174018672843641
1375,0.6432473148875872
1376,0.6594354341887521
1377,0.6645366523801362
1378,0.6322706159605674
1379,0.6441878117945012
1380,0.6547203010670255
1381,0.6584206849498819
1382,0.6576869370631914
1383,0.6064234641346871
1384,0.6164254226382101
1385,0.6346439675644274
1386,0.6474233356162213
1387,0.664576564907046
1388,0.6158380931227455
1389,0.6221002766623378
1390,0.7069009561675507
1391,0.6950848320382971
1392,0.6667729302271402
1393,0.664209105114489
1394,0.5957377448280088
1395,0.6000065182511602
1396,0.63161615362596
1397,0.6866568694998055
1398,0.6845591281386036
1399,0.6340420710310698
1400,0.604063317805354
1401,0.6992589292739851
1402,0.7007554643111363
1404,0.7025517832643748
1405,0.700901866882725
1408,0.7063019688746341
1410,0.698175505945394
1411,0.6455547642747519
1412,0.6205616889629003
1413,0.6782581329404813
1419,0.7116939775370215
1435,0.6845593030759962
1436,0.6655208053190175
1437,0.6615038507464892
1438,0.7007610462387595
1439,0.6280965916306899
1440,0.6017850656104143
1441,0.630416055936507
1442,0.6290164905814234
1443,0.656525321762363
1444,0.6416026463554662
1445,0.6385768498865194
1446,0.6268256102437338
1447,0.5711969141278674
1448,0.6385077520315083
1449,0.6580476220234667
1450,0.6610382649179617
1451,0.6417393387237391
1452,0.654438900253691
1453,0.6723374499696048
1454,0.6379176103010323
1455,0.6210849222725146
1456,0.6401916169004783
1457,0.6505141373445065
1458,0.6597460259218715
1459,0.6795614378869149
1460,0.6065360087493379
1461,0.5740725071117788
1462,0.48201179069177574
1463,0.44613235078732855
1464,0.5596776004328629
1465,0.6665174268052697
1466,0.6622346481180752
1467,0.6391364239144144
1468,0.6095351017832126
1469,0.6338362020881555
1470,0.6755869630946768
1471,0.6941539649912061
1472,0.6747240438742388
1473,0.6939722990462452
1474,0.7008118387393272
1476,0.6674602455398254
1477,0.7163975071243244
1479,0.6620839957286562
1480,0.6031815905482056
1481,0.6641052420054397
1486,0.716617729033165
1487,0.7157179135396942
1489,0.7169660211935306
1503,0.6553052694777973
1504,0.6565899466517371
1505,0.6493753119071645
1506,0.6747320686041036
1507,0.6560019166671802
1508,0.5894903255680397
1509,0.6269236578971926
1510,0.6399382231138284
1511,0.6607855265965771
1512,0.648021662049408
1513,0.6067822018210779
1514,0.5677116911096735
1515,0.5204121300065482
1516,0.5892610963436054
1517,0.6547149123928518
1518,0.6576104525960446
1519,0.6270597362426009
1520,0.6620941111075606
1521,0.6646299869842356
1522,0.6496750037002087
1523,0.6281154515828469
1524,0.6685135566691028
1525,0.677971275403573
1526,0.6460231840838371
1527,0.640793543803978
1528,0.6002158809542749
1529,0.5691244574154595
1530,0.482217482168778
1531,0.44386496956804306
1532,0.5499064670526356
1533,0.6770166180980678
1534,0.6826243051792301
1535,0.5936597382759203
1536,0.590905091820353
1537,0.6682331808493849
1538,0.7099252461110136
1540,0.6992720798289127
1541,0.7021549747761677
1542,0.6950856834474125
1543,0.6675622788725953
1544,0.6429225588875959
1545,0.70385993985958
1546,0.7131598889881549
1547,0.6592422039440312
1548,0.6078063446932622
1549,0.6747297530390878
1553,0.7094877136358265
1555,0.7020007860875955
1556,0.6742731446312558
1557,0.682570872430576
1558,0.7114957032334939
1571,0.6503217105063848
1572,0.6700885380288107
1573,0.6679451967030423
1574,0.6792275119523801
1575,0.6967876880783601
1576,0.6557985053123462
1577,0.6757456915124181
1578,0.657139752412815
1579,0.6973807065098245
1580,0.6632902302972011
1581,0.6424271016706986
1582,0.6039615852129181
1583,0.57094343642322
1584,0.6100426023036256
1585,0.6565797331820737
1586,0.6361604931764198
1587,0.5459673425068788
1588,0.646608565050132
1589,0.6500252876903171
1590,0.6332498780616129
1591,0.63500273613499
1592,0.6475151413224443
1593,0.6540081105704678
1594,0.6443707896392674
1595,0.6620144237101452
1596,0.6637453377627245
1597,0.616524120718701
1598,0.5636354439378845
1599,0.510953439578272
1600,0.5905989047479723
1601,0.6647764654304402
1602,0.6754833145250129
1603,0.6512032577259623
1604,0.6629865305826121
1605,0.6982588664736488
1609,0.6908052715390051
1610,0.6340237047306119
1611,0.6072683997879862
1612,0.6216480434199251
1613,0.6788181209559153
1614,0.6754835836995909
1615,0.6071672458721394
1616,0.5638252564671842
1617,0.6911668716387841
1620,0.695296702255471
1621,0.5879985650035316
1622,0.6766774920396507
1623,0.625780179939289
1624,0.6437093524181721
1625,0.6779893402914806
1640,0.6969786960687556
1641,0.7016461495645125
1642,0.7156880970907736
1643,0.7116494351604581
1644,0.6682534677192642
1645,0.6714462619899509
1646,0.6281617640472253
1647,0.7169291565698993
1648,0.680489103686477
1649,0.6687352452399334
1650,0.6608471410215458
1651,0.6717265373955915
1652,0.6735853737748299
1653,0.6797384957682104
1654,0.6728092675898054
1655,0.6363110216846867
1656,0.6791425283305814
1657,0.6772822165020298
1658,0.6614799057655187
1659,0.6628139167878696
1660,0.6544346585738983
1661,0.6062053467128107
1662,0.5101963042810168
1663,0.5617412096089811
1664,0.6253081596122321
1665,0.641807842657112
1666,0.6203118029540725
1667,0.6290392288278157
1668,0.6149286688656908
1669,0.6253422489568792
1670,0.6601392790724081
1671,0.6438708901806862
1672,0.66307760811048
1673,0.688711107319745
1674,0.708643731195501
1675,0.6911674137350234
1676,0.7133511386496275
1677,0.6466275306129413
1678,0.5892905186592167
1679,0.6331763624263567
1680,0.616577787400555
1681,0.6782292765454758
1683,0.669783359907664
1684,0.6264804289228824
1685,0.6999057865889525
1688,0.6089105803103737
1689,0.6148749265655252
1690,0.630173482299196
1691,0.624386889123197
1692,0.6790867550123653
1693,0.6571792766607488
1708,0.7038444513208103
1709,0.6973924463142833
1711,0.6922243419645263
1712,0.628072194413958
1713,0.6581532041573395
1714,0.5886495086336216
1715,0.6534181539631722
1716,0.6282555240962312
1717,0.6472040339324071
1718,0.6389378976477477
1719,0.64199898308299
1720,0.6455776416590981
1721,0.6622760202920368
1722,0.6652708902954856
1723,0.6701392967537985
1724,0.6722286593443119
1725,0.6556460759083016
1726,0.6520390619945603
1727,0.6496240560555367
1728,0.6587117139902797
1729,0.6451036921976875
1730,0.5638098879761727
1731,0.609631497956702
1732,0.6601786427525658
1733,0.6708766815278391
1734,0.6712221088646172
1735,0.6370327508633458
1736,0.6171937748911398
1737,0.6543490168728372
1738,0.656476327019993
1739,0.6374383872051897
1740,0.663324651436784
1741,0.6954109362946636
1742,0.7001600271345597
1743,0.6624430236485858
1744,0.6573267192697785
1745,0.6559965595389377
1746,0.647704077242014
1747,0.6674270330427814
1748,0.5916642299961296
1749,0.6690863739650129
1751,0.7038430917196256
1752,0.6584773943487461
1753,0.7097264936475853
1754,0.7114004654157011
1755,0.6721548210270831
1756,0.6064907304762857
1757,0.6228506399248216
1758,0.5183162882822036
1759,0.5076800413199539
1760,0.5754977524324841
1761,0.6544724242220054
1776,0.7095632227896147
1777,0.7091338580353059
1778,0.7023635156843295
1779,0.6940740406401805
1780,0.6798843987134513
1781,0.7001836439788358
1782,0.6669264435390427
1783,0.6531643562394172
1784,0.6374647119176239
1785,0.6405072965115056
1786,0.6436525031214493
1787,0.652961232506991
1788,0.6638138566096161
1789,0.6656943281350441
1790,0.6629883093137625
1791,0.6571713891137055
1792,0.6424382715668894
1793,0.6540051959939605
1794,0.6316525656936726
1795,0.6116569190085527
1796,0.6315267776715596
1797,0.6317534464608741
1798,0.6293096957919679
1799,0.6807765594339942
1800,0.6861227856344048
1801,0.6668193897635041
1802,0.6542415357532864
1803,0.6047732958735343
1804,0.6049348033849437
1805,0.6580568641682001
1806,0.6526733133495184
1807,0.6460061429952441
1808,0.678230811375845
1809,0.7069708275313262
1810,0.6712711955221082
1811,0.6543558151111616
1812,0.6573122888894349
1813,0.647422898200925
1814,0.630463718219854
1815,0.6505165586449353
1816,0.5681315923006913
1817,0.6065459280108569
1820,0.6989506885922426
1821,0.7053938406899594
1822,0.7081206653969933
1823,0.6695447937843322
1824,0.6374620617045986
1825,0.5506736033799187
1826,0.5464300821930815
1827,0.6412246319504603
1828,0.6389562840106608
1829,0.6987206200005799
1843,0.6628079246183176
1844,0.6956387759497351
1845,0.6668853939250047
1846,0.6785648336765019
1847,0.6855137765890071
1848,0.6466834964439278
1849,0.6509367799661657
1850,0.644666967595027
1851,0.6737765724206379
1852,0.6665473145549489
1853,0.637770339204538
1854,0.6330729714649183
1855,0.6501017597793926
1856,0.6345541046799184
1857,0.6399156734672761
1858,0.6699965011741471
1859,0.6695504867480476
1860,0.6777511927111471
1861,0.6496547013600332
1862,0.6475173380634197
1863,0.6215427989656824
1864,0.6186209243615172
1865,0.646467003730269
1866,0.6806795908800908
1867,0.6858473678724978
1868,0.6770174061303798
1869,0.6443174239098328
1870,0.6180163717368666
1871,0.6434609764015679
1872,0.6589619259309358
1873,0.6351963632571337
1874,0.6427343328819197
1875,0.6759323231278861
1876,0.6744521568400642
1877,0.6796775235717735
1878,0.6730965406356552
1879,0.6894627167764384
1880,0.671021287176419
1881,0.673126469908281
1882,0.6933721655952398
1883,0.675762337308885
1884,0.6270475754565963
1885,0.6730758049946632
1887,0.704051785944786
1888,0.6772168502400816
1889,0.6222191538202199
1890,0.6348750294420378
1891,0.6337291054817419
1892,0.6279939620510304
1893,0.5638395722556837
1894,0.5437993787299005
1895,0.6389615462587686
1896,0.6358538533548393
1912,0.7010588340993384
1913,0.6808499533332716
1914,0.6706398048108969
1915,0.6544408968359788
1916,0.7024185965842732
1918,0.7059219347604216
1919,0.6937475648112476
1920,0.665394763553928
1921,0.6564007352698051
1922,0.693123955371251
1923,0.716356858273306
1924,0.7050378951063461
1925,0.6927826035424011
1926,0.6740833368502431
1927,0.6633540497398479
1928,0.6732862186058532
1929,0.6405850990547713
1930,0.686277174710076
1931,0.6797367550595973
1932,0.6361510374553422
1933,0.6688617529081532
1934,0.69512157033034
1935,0.6339881918364263
1936,0.6348341891022478
1937,0.6552692688296954
1938,0.6507548850790009
1939,0.6627003616832028
1940,0.6728136874504373
1941,0.6878546190716374
1942,0.6573507005701257
1943,0.6646420783684436
1944,0.6454833762105227
1945,0.6715306481494617
1946,0.6427401910338101
1947,0.6850539948765845
1948,0.678573332323292
1949,0.6527792359853601
1950,0.6301465673395096
1951,0.68319208505824
1952,0.68737194703308
1953,0.698797175474892
1956,0.6927968811590424
1957,0.6260670309937992
1958,0.6113265661138448
1959,0.5749437185386437
1960,0.5766381479510236
1961,0.5862588087891328
1962,0.5228153191533915
1963,0.5622344043563061
1964,0.6570816506556473
1980,0.695114233747665
1981,0.6724232290907429
1982,0.662407640248973
1983,0.6704784228919274
1984,0.687966391357627
1985,0.7149280634232134
1987,0.7070568228687475
1988,0.7150858168107219
1989,0.6901809546906325
1990,0.6937403824486833
1991,0.7080506930748398
1992,0.7120657024069899
1993,0.6923823998204994
1994,0.6474197093403588
1995,0.6809692953240039
1996,0.7086967071172486
1997,0.6989284704027351
1998,0.7104277469200285
1999,0.7060456918544475
2001,0.7076707734184534
2002,0.7027027752624956
2003,0.666580058414121
2004,0.5835593069265318
2005,0.5939300457941464
2006,0.6527550446923739
2007,0.6401920134249672
2008,0.6531598572120878
2009,0.6759086765015841
2010,0.6790842860140492
2011,0.6909951955131794
2012,0.6692391121864448
2013,0.6331661607419914
2014,0.5961116954324882
2015,0.6960628758826859
2016,0.6963472470961903
2017,0.6600155142394513
2018,0.5906842050720054
2019,0.6416250123649426
2020,0.6640231304902664
2024,0.6526784898176179
2025,0.6877611984173969
2026,0.6348116904110229
2027,0.5597357817147885
2028,0.7105999307530158
2029,0.6487963896774835
2030,0.6317924307445167
2031,0.626538073265247
2032,0.6894751616990499
2033,0.6875294896960993
2048,0.623429537641219
2049,0.6442107517889213
2050,0.6520114910290836
2051,0.6525946361514385
2052,0.6624057484515519
2053,0.6913432822640448
2054,0.7036789074142759
2055,0.7131074552206174
2056,0.699138395023073
2057,0.68553590405997
2058,0.6868058114758822
2059,0.6983715320452722
2060,0.6996591345885094
2061,0.6818629732432413
2062,0.6624270489997703
2063,0.6830164020251288
2064,0.7047949436952681
2065,0.6901314663670599
2066,0.6862219642850825
2067,0.6843069188753095
2068,0.7148504740320047
2069,0.6970744564019953
2070,0.6868913945186923
2071,0.6641466866446413
2072,0.5754232928619177
2073,0.6055573814594662
2074,0.6345126571007158
2075,0.610498625182604
2076,0.6453772507045448
2077,0.6765117004807956
2078,0.6870563778973192
2079,0.6751832904863491
2080,0.6378193595880701
2081,0.573930942384536
2082,0.6253851919316293
2083,0.6687193966580512
2084,0.6220367297696363
2085,0.6207688544955204
2086,0.6139308124349179
2087,0.6554079714025802
2088,0.6815763652684717
2091,0.7082981850845029
2092,0.6294304805042524
2093,0.6879708549114065
2094,0.6043011965450085
2095,0.5546509060494086
2096,0.6060200897898191
2097,0.6003003312593432
2098,0.6517769376079203
2099,0.6529021705136728
2100,0.6389438037160865
2115,0.699860021455835
2116,0.6891506599797417
2117,0.6565775077303605
2118,0.6691708274311953
2119,0.7373234398376728
2121,0.727028158538569
2122,0.6870446908530154
2123,0.7141821519730379
2124,0.6426948052273435
2125,0.7032677988550657
2126,0.7001379821842064
2127,0.6959611420055687
2128,0.6959829843665457
2129,0.6983497947815154
2130,0.6952298379193775
2131,0.6896939612276319
2132,0.6806135234069243
2133,0.6613759074971012
2134,0.6809430736725397
2135,0.688942335682491
2136,0.6954044827951507
2137,0.6801968984866286
2138,0.6821466185869595
2139,0.695152081009772
2140,0.61254576729702
2141,0.5956330609503613
2142,0.6295121996238962
2143,0.6017983058227483
2144,0.6229269330797217
2145,0.6624199923002043
2146,0.6634727242551949
2147,0.6389569411281202
2148,0.6301399206015582
2149,0.6451061786327014
2150,0.6587055951293312
2151,0.6484149035298747
2152,0.5866507415575916
2153,0.5993774457708817
2154,0.6282626860714124
2155,0.6674611089376612
2156,0.7025015839900136
2157,0.7159927315065712
2160,0.7107929302734471
2161,0.6608016916271279
2162,0.592032943122053
2163,0.5806386764758023
2164,0.5931617476160163
2165,0.5783415438023606
2166,0.6290308501803702
2167,0.5905741894891274
2168,0.5857620435753552
2183,0.7046429797724862
2184,0.6940551451195484
2185,0.6835861755081403
2186,0.7212974485363964
2187,0.7376298376023864
2189,0.7252375009104216
2190,0.7158170542137164
2191,0.7169493635412192
2192,0.6387468623652265
2193,0.6278951626676562
2194,0.6690784193453538
2195,0.6894553566506231
2196,0.674386825220516
2197,0.7039789722057036
2198,0.6899111929903211
2199,0.6744526194283513
2200,0.6861085218334868
2201,0.6769085216989201
2202,0.6807709877281624
2203,0.6729640646503818
2204,0.6843099881956277
2205,0.6789124850210074
2206,0.670403938992777
2207,0.6852554884253103
2208,0.6474161802389556
2209,0.6130225700673078
2210,0.6355081671637278
2211,0.6154390510111785
2212,0.6112717646222424
2213,0.6690156722372451
2214,0.6316582409111159
2215,0.5593321596971594
2216,0.592641950043089
2217,0.6126631567351095
2218,0.638579904610011
2219,0.6398498494937662
2220,0.6574427839640103
2221,0.6022256827966086
2222,0.5977102041699626
2223,0.6392360928949998
2224,0.697389683971013
2225,0.7011894941691407
2226,0.7162155017533878
2228,0.7169539228174745
2229,0.6480466024326024
2230,0.604148909410937
2231,0.6301876923452309
2232,0.6278092505676551
2233,0.5805440815311684
2250,0.6783566870135467
2251,0.7100708708524495
2252,0.6929972252781279
2253,0.6873499079844434
2254,0.6901107130420663
2255,0.7121840697416405
2256,0.7256036684991752
2257,0.7160329746257897
2259,0.6772672957317863
2260,0.5422983488709573
2261,0.5550612057261379
2262,0.6749447893407032
2263,0.6940877458192275
2264,0.6727396052682618
2265,0.7108164073848248
2266,0.7036755770488156
2267,0.6821498777190174
2268,0.6922506055699938
2269,0.6887119400157835
2270,0.6856935943839859
2271,0.6778045510846351
2272,0.6914179702454746
2273,0.6914529912909887
2274,0.6863071267350711
2275,0.6940507075044143
2276,0.645526518809231
2277,0.5835398184229232
2278,0.6211964315741473
2279,0.5821718244787786
2280,0.5622152308912041
2281,0.6533801554566304
2282,0.6402188808051379
2283,0.6021235412095208
2284,0.5981473506651218
2285,0.5811775001018719
2286,0.618971440245334
2287,0.6491029960463036
2288,0.6271584686358505
2289,0.6700800092970693
2290,0.6464568370196214
2291,0.6343015451291567
2292,0.6753943872510394
2293,0.6931471627405803
2294,0.6906710878648448
2295,0.7102234631562935
2297,0.6797379665605202
2298,0.6549105759439962
2299,0.629482901327507
2300,0.5701639257246447
2301,0.6126517131129093
2302,0.6276989323738323
2317,0.6572256799225081
2318,0.6879687574806498
2319,0.7121447254848522
2320,0.698606869531733
2321,0.6635615605058229
2322,0.6402686668714386
2323,0.6837823598330809
2324,0.6852987995614301
2325,0.7010243933388799
2326,0.7063206780496966
2327,0.6730589250434128
2328,0.6459926371060221
2329,0.568612953022594
2330,0.5952024865121747
2331,0.6282477903075786
2332,0.6065103329438459
2333,0.7092379323122182
2334,0.7149958884377281
2335,0.6870858670479525
2336,0.6813812667065927
2337,0.6858426760781555
2338,0.6833213340656169
2339,0.6661604161392093
2340,0.6549518888007613
2341,0.6854773862735034
2342,0.688273458423541
2343,0.7011911850087915
2344,0.6344954814833521
2345,0.5637104246155825
2346,0.6115102219370024
2347,0.5678820051678194
2348,0.5157911311876857
2349,0.6396524686083324
2350,0.5920023672448499
2351,0.5419547159445263
2352,0.5998581855852309
2353,0.6221002823171239
2354,0.613737581640622
2355,0.5945959305466151
2356,0.6251628190237785
2357,0.6540237004300457
2358,0.6218092661649822
2359,0.590544516108138
2360,0.6588591435348325
2361,0.697897237564719
2362,0.6669065013107738
2363,0.7105500170518821
2367,0.6630143533531875
2368,0.592225212057819
2369,0.6300945178679964
2370,0.6474456449788918
2384,0.6949626030191726
2385,0.6938290108378735
2388,0.7130136819424018
2389,0.6654735826265437
2390,0.6242171099727727
2391,0.6585073324306752
2392,0.6682743260642456
2393,0.6807307022027952
2394,0.6893428254273141
2395,0.6736662665547418
2396,0.7038240856278698
2397,0.6427193513585386
2398,0.5580186631897693
2399,0.5859905665503934
2400,0.6402985650051828
2401,0.712963309137811
2403,0.6933691713616761
2404,0.7004610679296717
2405,0.7039361144519525
2406,0.6955051259189172
2407,0.6875673661766244
2408,0.672676319519349
2409,0.68955917007827
2410,0.6956683875342482
2411,0.6875992623286442
2412,0.6254940402811254
2413,0.5495823520813972
2414,0.6021558383871427
2415,0.594571480413596
2416,0.5692192228315264
2417,0.6408105891632916
2418,0.6234983908233641
2419,0.5686629369297039
2420,0.6112903084480857
2421,0.6504984634063976
2422,0.664468084761482
2423,0.629220276457672
2424,0.6227843775471381
2425,0.6134163407013917
2426,0.6369144456295991
2427,0.6426468135665396
2428,0.6978957163822551
2429,0.6975164963127839
2432,0.7112837423727397
2433,0.7148282187500867
2435,0.6521190471027455
2436,0.6196711377121644
2437,0.6356997814255045
2452,0.7009734408148937
2455,0.7112787269990188
2456,0.698801652027963
2457,0.6809368169933172
2458,0.6589610560582252
2459,0.6575114518849358
2460,0.6503906691919519
2461,0.6659028699305298
2462,0.6833222721286447
2463,0.6679761251632369
2464,0.6957036103884903
2465,0.7643143110278792
2466,0.6735729499038826
2467,0.644160398927982
2468,0.6978179567271312
2469,0.710891878638172
2471,0.7120500601450268
2472,0.7087085637635453
2473,0.6918953432026796
2474,0.6951825463753019
2475,0.6911702296129365
2476,0.6842952076217977
2477,0.6833600890197885
2478,0.7039714871423717
2479,0.6831434453910177
2480,0.6167948216066979
2481,0.6021370932841428
2482,0.6311814747513645
2483,0.6519648740181292
2484,0.6711830761456343
2485,0.6728806696571549
2486,0.6715415083735
2487,0.6474198074385227
2488,0.6299719341841743
2489,0.653150558452522
2490,0.6518671731100579
2491,0.6572410084516881
2492,0.6475155357111623
2493,0.6345610556273958
2494,0.6894686196559439
2495,0.6736809852484082
2496,0.6664627924464505
2497,0.6947286668524735
2500,0.70720323865244
2503,0.6357684505430745
2504,0.65015924700264
2520,0.7129368312215381
2522,0.7169450216059894
2523,0.7118812350968722
2524,0.7054848363998014
2525,0.6944130589533061
2526,0.6705037274206798
2527,0.6634223877944938
2528,0.6571109284943707
2529,0.6950794386350102
2530,0.676896760135251
2531,0.6746328760350407
2532,0.6877770860057963
2533,0.6907457410444026
2534,0.6678057543528303
2535,0.6933257166629772
2536,0.6950731728646693
2537,0.7025113399170961
2538,0.710104504447108
2539,0.705250576103746
2540,0.7031022847756109
2541,0.6954256694626691
2542,0.6996066396937807
2543,0.6967918930232135
2544,0.6861214959696199
2545,0.6766193114266518
2546,0.679671654494216
2547,0.6606837102169576
2548,0.6597591372253498
2549,0.700260810862271
2550,0.7308825207635472
2551,0.669059466910678
2552,0.6619936371525008
2553,0.6724226504746039
2554,0.6877991216718845
2555,0.6520428335030432
2556,0.6308329641229508
2557,0.6478165414039923
2558,0.6885602871628311
2559,0.6274645137709349
2560,0.6486508996690655
2561,0.6836133901431561
2562,0.690706260813692
2563,0.6570472069224108
2564,0.6912753661093761
2565,0.7025156046531342
2566,0.7025330108526399
2571,0.6109771278863366
2572,0.6199828086298232
2588,0.6940608784949458
2589,0.7075032648333484
2590,0.7031809149662294
2591,0.706445171855884
2594,0.7081210793508285
2595,0.6782090196519878
2596,0.6779608630804659
2597,0.6914377957671863
2598,0.6852091140355114
2599,0.6837393047594919
2600,0.6896892272510606
2601,0.7017488049546835
2602,0.6543141195148039
2603,0.6494098349180312
2604,0.6779618547001482
2605,0.7082846470319806
2606,0.711296367055362
2607,0.6959943322667955
2608,0.6940837510749586
2609,0.6960498141533359
2610,0.6959690883778916
2611,0.6610218813613
2612,0.6455157209094217
2613,0.6571708069223646
2614,0.6855137765890071
2615,0.6678043142597891
2616,0.661002921960942
2617,0.6493736351034342
2618,0.6540103057276899
2619,0.6415745589353524
2620,0.6294212679218627
2621,0.6522013742347971
2622,0.6797492906275766
2623,0.6381539444043653
2624,0.6477777031802187
2625,0.6328850276016412
2626,0.6926988374615103
2627,0.7038446901581635
2628,0.7134054213103505
2629,0.7087569619577326
2630,0.6550289487824414
2631,0.5857548594017151
2632,0.6521537101511429
2633,0.6370408328464482
2634,0.6548040816963991
2639,0.7039687304557937
2640,0.6332640937275911
2656,0.653345541540941
2657,0.6922088168772661
2658,0.6991610613238511
2659,0.7103988233107834
2660,0.714900723936241
2661,0.6902412005103432
2662,0.7040067390099491
2663,0.6947276580050081
2664,0.6987301652990711
2665,0.6771914055643449
2666,0.6675688915449143
2667,0.6870544622693888
2668,0.6792647740353751
2669,0.682328804166
2670,0.6601689999652232
2671,0.6715385110200894
2672,0.6879705310834618
2673,0.7117634489938719
2674,0.7039741280446206
2675,0.7001814696663751
2676,0.6973828192916351
2677,0.7012368679258001
2678,0.6712801278470223
2679,0.6265555761074091
2680,0.6341349479242023
2681,0.6376476721373581
2682,0.6747343237220176
2683,0.681325171683724
2684,0.6701395314823276
2685,0.6792990751004512
2686,0.6641116126235841
2687,0.6675261552396338
2688,0.654993716284487
2689,0.6521683274632046
2690,0.655753498718003
2691,0.6552908414123426
2692,0.6683235006126744
2693,0.6786152869427287
2694,0.6829819093162122
2695,0.698602153691863
2696,0.6985042865115602
2697,0.7117400421478087
2698,0.6673875609764269
2699,0.628878714594219
2700,0.6716942657791208
2701,0.655276505808775
2702,0.6636394048988569
2708,0.666015461226138
2724,0.6855408864385193
2725,0.6821407079967677
2726,0.6937505808380515
2727,0.7068631339944684
2728,0.7018118812572135
2729,0.7072445899491154
2730,0.7054866940785711
2731,0.6911966233715195
2732,0.6963404615401145
2733,0.6723055144823199
2734,0.6659124083354843
2735,0.6716859004904624
2736,0.6862313879878251
2737,0.6845789578987542
2738,0.6761226747643795
2739,0.679580632529604
2740,0.6679549614418155
2741,0.6973638334862817
2742,0.7095469044003194
2743,0.7031346135964831
2744,0.7067270317125889
2745,0.7017649271357584
2746,0.6630498030351487
2747,0.6644647882904083
2748,0.6663242452273322
2749,0.6529504105624244
2750,0.6614386249453518
2751,0.6788228639585437
2752,0.7005731583645552
2753,0.699709704489135
2754,0.6742804297906179
2755,0.6799212143534364
2756,0.6425860135333776
2757,0.6432795677120793
2758,0.6608400543395418
2759,0.6713305651682261
2760,0.6646365250872649
2761,0.7024991240361009
2762,0.6251964212048572
2763,0.5912881299210511
2764,0.6553280421600125
2765,0.6477613203404501
2766,0.6922397305408439
2767,0.71302317269836
2768,0.6732823612882182
2769,0.604797817218492
2770,0.679124724827353
2773,0.6777520889837212
2774,0.6963440617026475
2775,0.7071944240197886
2776,0.6630779873767463
2792,0.6589429756516084
2793,0.6759242386897755
2794,0.6809573901548703
2795,0.6822743146526971
2796,0.6723998351809545
2797,0.7048982935142158
2798,0.710088946345876
2799,0.6989306361080603
2800,0.7105265886636852
2801,0.6957873041652456
2802,0.6759646304282741
2803,0.6644203514620955
2804,0.6775787181423382
2805,0.6743014995026558
2806,0.6892247463994746
2807,0.6888394878021548
2808,0.6973989771011171
2809,0.710982098048896
2810,0.7148038216071131
2811,0.6964787256708902
2812,0.6956301198877083
2813,0.6836154314925547
2814,0.6654767132661923
2815,0.6629178733045809
2816,0.6368647805664083
2817,0.6486785743864545
2818,0.6630141454080302
2819,0.6770540275935641
2820,0.6852516625393508
2821,0.6771810651139347
2822,0.6731335635635342
2823,0.6791244959111049
2824,0.6343904179182105
2825,0.6272908118829638
2826,0.664247722500045
2827,0.6454213770574637
2828,0.6341296279474624
2829,0.607169548321061
2830,0.5430668110414879
2831,0.5379604575346143
2832,0.6540100797634771
2833,0.6582943484322952
2834,0.6993881887604347
2835,0.6928356678249039
2836,0.6839100730727502
2837,0.6630178772207072
2838,0.6823311473974927
2839,0.6128079321307582
2840,0.6528272883269339
2841,0.6929796733078445
2842,0.6391593610881251
2843,0.658434629876485
2844,0.6574257115690898
2860,0.6775765100398807
2861,0.6748547475438966
2862,0.658047949057069
2863,0.6504072419110881
2864,0.657163180116698
2865,0.6767748698902634
2866,0.6920234359088466
2867,0.6959836326008615
2868,0.6993284697022063
2869,0.6987396203627404
2870,0.6855181595413721
2871,0.67479588033564
2872,0.6854332986666845
2873,0.6796805969527815
2874,0.6947018805365484
2875,0.6719785848541232
2876,0.6933312887453714
2877,0.708105870859651
2878,0.7119782305733111
2879,0.695068628692519
2880,0.6833426542653775
2881,0.6711775487411497
2882,0.6695607308531386
2883,0.6612214491880561
2884,0.6636668453426935
2885,0.6772172286497863
2886,0.6682912879424227
2887,0.6732719538385395
2888,0.660387292842922
2889,0.6711756423047651
2890,0.6788202860445561
2891,0.6713071180537106
2892,0.6612096276359924
2893,0.6568780172900278
2894,0.6759154643677364
2895,0.6268910513811706
2896,0.6200225984246674
2897,0.6680292669431
2898,0.64499822402175
2899,0.6424392910578902
2900,0.6720773114444165
2901,0.6827930625963875
2902,0.6789177956448812
2903,0.6902369944902743
2904,0.669080613783842
2905,0.6529681329292607
2906,0.6880054165866086
2907,0.6362128456854298
2908,0.6244364340094078
2909,0.6975163734247515
2910,0.6198173264479188
2911,0.6355814327597012
2928,0.6112777738658712
2929,0.5802995913268185
2930,0.6221070381872437
2931,0.6571348109650458
2932,0.6674863976185311
2933,0.6806881929087479
2934,0.7053926137788539
2935,0.7073469976923328
2936,0.698514533378305
2938,0.7161719751403672
2939,0.6875932522465531
2940,0.6775678366151103
2941,0.6780779061409788
2942,0.668277931330782
2943,0.617949612492074
2944,0.6538159335769088
2945,0.6965806289208526
2946,0.709240885478481
2947,0.6767071402961876
2948,0.6701403764893543
2949,0.6560022302760662
2950,0.6738155816248123
2951,0.6771897451853639
2952,0.6772187075118574
2953,0.6838452062671063
2954,0.6724406058714887
2955,0.6568960611226663
2956,0.6645716354415355
2957,0.6594315522856389
2958,0.6630642253231225
2959,0.6608182295729896
2960,0.6698804861313247
2961,0.6472508366025531
2962,0.6578379558360942
2963,0.6450068780332743
2964,0.6207886210451081
2965,0.6345850893917538
2966,0.6294588906803092
2967,0.6407288743497768
2968,0.6795618931147434
2969,0.7083055309639494
2970,0.6722349793808584
2971,0.6543340983841206
2972,0.645129032571606
2973,0.6791479584228347
2974,0.6709974390490874
2975,0.6444018052566766
2976,0.6534098184800675
2977,0.6845100608775287
2978,0.6467329145126514
2979,0.6265093107883183
2995,0.6689960241716322
2996,0.6028423346944425
2997,0.5892371364849808
2998,0.6449849009151378
2999,0.6688825218422837
3000,0.6687339883765889
3001,0.6289166105943654
3002,0.6587119619556799
3003,0.693378032817916
3004,0.6782199349043567
3005,0.7134120262982258
3006,0.6538142792024559
3007,0.65544257961801
3008,0.69330404202125
3009,0.704794497479487
3010,0.6848515487306539
3011,0.6358004666654936
3012,0.6594407409040448
3013,0.6639432349755865
3014,0.6987964960007099
3015,0.6819993977217718
3016,0.6775354556141995
3017,0.6707625017129065
3018,0.6852566730006053
3019,0.67892643142337
3020,0.6757446331008402
3021,0.6860276919513912
3022,0.6654081449259902
3023,0.6659077059573626
3024,0.6727182468013846
3025,0.6657520829247352
3026,0.6514606756161717
3027,0.6610558740635628
3028,0.6955398765608101
3029,0.6576526262430299
3030,0.6391672331021826
3031,0.6744517116352043
3032,0.6318581581179091
3033,0.5592659920857653
3034,0.597665627864064
3035,0.59902252904261
3036,0.6291803612134664
3037,0.6675712905436615
3038,0.6610019801935894
3039,0.6196226201302348
3040,0.6309410024874305
3041,0.6870858381881054
3042,0.6795578807541759
3043,0.665406320889437
3044,0.6695441490502285
3045,0.6483178806650788
3046,0.6573028687367896
3047,0.5892144868622993
3063,0.6807717809311558
3064,0.6761360135145443
3065,0.6940855135363287
3066,0.6882535665178465
3067,0.6964078319159946
3068,0.6716908874201033
3069,0.6190864585183978
3070,0.6042317877888879
3071,0.6959586548329088
3072,0.6760217790792112
3073,0.6674581261919992
3074,0.6819079787707514
3075,0.6427329067001413
3076,0.6478315290801688
3077,0.6559983466822128
3078,0.6515828869175991
3079,0.6503771833799725
3080,0.6389371373338906
3081,0.6475258638225354
3082,0.6733526192759269
3083,0.6756134968143737
3084,0.6607281818006862
3085,0.6695380150849107
3086,0.6772251782406531
3087,0.6899100892761691
3088,0.6944191218107426
3089,0.6901335276054907
3090,0.6844936042067792
3091,0.6419860256469234
3092,0.6814350451657666
3093,0.6668934121728538
3094,0.6347392743908062
3095,0.6206286054848186
3096,0.6441676820555422
3097,0.653828530253566
3098,0.663971383613998
3099,0.6759115817938837
3100,0.6150578274365979
3101,0.5602497960884185
3102,0.6226979008490964
3103,0.6396861821317775
3104,0.6281763686785091
3105,0.6316389950639033
3106,0.6280935899668917
3107,0.6094537235623434
3108,0.6522385835878685
3109,0.6649533870212789
3110,0.665529886717082
3111,0.6612707073650888
3112,0.6650467357879699
3113,0.6802086896442502
3114,0.6160306981973829
3115,0.6098319028470246
3131,0.6965346678081921
3132,0.6883435787936927
3133,0.6825813433134174
3134,0.6650699477016958
3135,0.6582953769260153
3136,0.6677921081531233
3137,0.6621604942135101
3138,0.663945924011535
3139,0.6881345293464602
3140,0.6888107527096293
3141,0.6535566643125834
3142,0.6706788169362398
3143,0.6435327667868894
3144,0.6538551584154989
3145,0.6374972349636923
3146,0.6223088690082121
3147,0.6303281888900695
3148,0.6459795648555314
3149,0.6475095976420535
3150,0.6501273049607158
3151,0.6644851832752536
3152,0.6509775566373409
3153,0.6675693104239259
3154,0.6791563168902077
3155,0.6836177984775725
3156,0.691891413453922
3157,0.7040263580568425
3158,0.7108576353421192
3159,0.6951617277334089
3160,0.6925249364564019
3161,0.6844092348289044
3162,0.6702299648447922
3163,0.6737077018422316
3164,0.6248153578139308
3165,0.6493372644720097
3166,0.6712947776303111
3167,0.6852255904948439
3168,0.6614902217263807
3169,0.6639786885131866
3170,0.6424599009731369
3171,0.6474241673631215
3172,0.6365162024003985
3173,0.6461303663369543
3174,0.6158793261652125
3175,0.6330598457308532
3176,0.6614731901834102
3177,0.6874605203698242
3178,0.6689278056367801
3179,0.6861553568994316
3180,0.7056738864108347
3181,0.7060341611983328
3182,0.5677371760567752
3183,0.5904249348007348
3199,0.6858650890962491
3200,0.6655666099713536
3201,0.679145576013114
3202,0.6650408168928162
3203,0.6519858090066633
3204,0.66326673294197
3205,0.6718488681159589
3206,0.6993342231465508
3207,0.7046749402698086
3208,0.684777329354585
3209,0.6606981323205768
3210,0.6601972997577789
3211,0.6260915688475802
3212,0.6446291895047283
3213,0.6531748561727269
3214,0.6222746516231625
3215,0.574713265304376
3216,0.6109409053979943
3217,0.6465579978366885
3218,0.6437289944530776
3219,0.6307792750290889
3220,0.6474128546650427
3221,0.6579330565865886
3222,0.6678104776936155
3223,0.6802105456691101
3224,0.7012378003079822
3225,0.7091821696137232
3226,0.7067673232933328
3227,0.6952321845628523
3228,0.7019002436023714
3229,0.6766456370466113
3230,0.6380267992630131
3231,0.6701841208995977
3232,0.6698023417829426
3233,0.6484899167879282
3234,0.6544246674758208
3235,0.6951904936355715
3236,0.7068441968478194
3237,0.6873324848879245
3238,0.646455472778284
3239,0.6358674838895958
3240,0.6665796072086417
3241,0.6564806379222884
3242,0.6381259394286595
3243,0.6581032950487677
3244,0.6487025001582462
3245,0.6687315576726256
3246,0.678784091302329
3247,0.6975110375132793
3248,0.7149237483466309
3249,0.6983115315582858
3250,0.6330585491393471
3251,0.6582952698058668
3267,0.6875564420749863
3268,0.6829070726983276
3269,0.6800614366674157
3270,0.6440733118622242
3271,0.6696835551436201
3272,0.6782186867274823
3273,0.6842647973025842
3274,0.706586106494662
3275,0.6933766694092904
3276,0.6316069961474252
3277,0.6389557163342403
3278,0.6723035724133503
3279,0.6772172467080063
3280,0.6704865418858401
3281,0.6524694869883793
3282,0.5896844249392014
3283,0.5368853733937077
3284,0.5814583697995891
3285,0.6125038237360146
3286,0.6487075676687036
3287,0.626069722554499
3288,0.6488686110022898
3289,0.6580934064100984
3290,0.6744297306431107
3291,0.6863318481019366
3292,0.6733035990373557
3293,0.6900874103956365
3294,0.7149205509320096
3295,0.7041767134481179
3296,0.6796709876829622
3297,0.6795700930209262
3298,0.5993159929742217
3299,0.6593032199140576
3300,0.6555599700105339
3301,0.6594931032358284
3302,0.6661565817824519
3303,0.6232155904476794
3304,0.6350447231619732
3305,0.6985990239018119
3306,0.6732985027196119
3307,0.6378145350531823
3308,0.6690844642427888
3309,0.635059975281643
3310,0.6420022914246947
3311,0.5977690224410689
3312,0.5955793887482427
3313,0.6576758059461415
3314,0.6904795841719795
3315,0.6743035921333069
3316,0.6952265029195469
3317,0.7022773343083312
3318,0.6580578444617738
3319,0.6731660470354656
3333,0.6861823452717052
3334,0.6831464969626466
3335,0.6951052311437337
3336,0.69248869143815
3337,0.6587375019193037
3338,0.6505643229729026
3339,0.6737228368135018
3340,0.6844076704133426
3341,0.6861429433574113
3342,0.7077125823586891
3343,0.6877322719176522
3344,0.6265613858023693
3345,0.6566464911320945
3346,0.7081129055752252
3347,0.7100923840266175
3348,0.706041741827518
3349,0.6173919093966501
3350,0.6030063728845673
3351,0.6498887831526706
3352,0.6293526078883047
3353,0.6465983736686348
3354,0.6667343908317914
3355,0.6379573036586997
3356,0.6621088087927647
3357,0.6612670663596838
3358,0.6895436550893828
3359,0.6933120120913111
3360,0.6678705953630583
3361,0.655188274246921
3362,0.6759236117541517
3363,0.6902359863030703
3364,0.6713077111400892
3365,0.6861113259370929
3366,0.6734510785074165
3367,0.6659477854928174
3368,0.6738259009062733
3369,0.675087922610457
3370,0.6868100457758541
3371,0.639914535492921
3372,0.6137981634753428
3373,0.6701648293095968
3374,0.6710954779333697
3375,0.6564361806978053
3376,0.6429374312656743
3377,0.6486994386924214
3378,0.6341210292944038
3379,0.6084514673278338
3380,0.6420525449250108
3381,0.6481836245066461
3382,0.6747746825749618
3383,0.6934283719116648
3384,0.6565495894246062
3385,0.6622194343457968
3386,0.6378284492621853
3387,0.6789796362304751
3401,0.6599611999365009
3402,0.6982665224054507
3403,0.6992791792914973
3404,0.6888994449357442
3405,0.6369912691735422
3406,0.6907754869488146
3407,0.6871029345641955
3408,0.6996200371707512
3409,0.6997992644680616
3410,0.707130158767437
3411,0.6924796523610426
3412,0.5910055661747019
3413,0.6500782280191222
3415,0.7167075857042785
3416,0.7068021301530362
3417,0.6531849702715166
3418,0.6089274069003785
3419,0.6478321765777841
3420,0.6569590856856486
3421,0.6341318685381812
3422,0.6386051297352108
3423,0.6050028269769943
3424,0.6613534361032133
3425,0.6744663211942913
3426,0.7015735152359999
3427,0.7063109843349507
3428,0.6883719659488824
3429,0.6894754432483733
3430,0.6889550412911721
3431,0.6892600640293444
3432,0.6965804030763345
3433,0.6797638638337714
3434,0.6682623024713611
3435,0.6498795336075973
3436,0.668615890671743
3437,0.6760226940907791
3438,0.664248493367471
3439,0.6281165312354567
3440,0.6127497403849215
3441,0.6540319097095076
3442,0.6488616521910258
3443,0.6550106740617018
3444,0.6687459012304615
3445,0.6629173089465006
3446,0.6683147332257041
3447,0.6446374916312334
3448,0.6386016189180426
3449,0.6291917076964804
3450,0.6644459145929982
3451,0.7066104519880116
3452,0.6839034201496341
3453,0.6607824941749902
3454,0.6612453832248245
3455,0.6998071819210065
3471,0.6988058957435259
3472,0.7009648873458512
3473,0.6787932394864061
3474,0.6839228119851155
3475,0.6973796652453685
3476,0.694465205202139
3477,0.6743894821051254
3478,0.668295961262812
3479,0.6870157282962519
3480,0.6912025847529386
3481,0.7137160301317722
3484,0.7062979777060175
3485,0.6909272524244003
3486,0.6969068197026236
3487,0.6920257042085723
3488,0.6778651287218381
3489,0.6783144772065149
3490,0.6597350639436455
3491,0.6227629596298389
3492,0.6381724905086197
3493,0.6594426536458002
3494,0.7036757226278781
3495,0.6924838268470087
3496,0.6741495605429121
3497,0.6857058694112393
3498,0.6592896851405077
3499,0.6657641914712539
3500,0.6957631468022177
3501,0.6661594459126001
3502,0.6369331509666085
3503,0.6358895971754304
3504,0.6293391174177154
3505,0.642631144426764
3506,0.6650443196240281
3507,0.6509504006293807
3508,0.6221002599076638
3509,0.6282746409816049
3510,0.6026224425356065
3511,0.6449978586889816
3512,0.6548271390116197
3513,0.6634752372939499
3514,0.6531853388858089
3515,0.5785113582452582
3516,0.6481020191848234
3517,0.6389353299520618
3518,0.7066705498771267
3521,0.7129805425056678
3522,0.6857359398497289
3523,0.6955895328616141
3539,0.6975045919387598
3540,0.7053992275470381
3541,0.6830716602883115
3542,0.6868700922465241
3543,0.6894804225152817
3544,0.6826247658581719
3545,0.6754496147985743
3546,0.6791233199421018
3547,0.6807855716125053
3548,0.7062627245989774
3549,0.691301658132953
3550,0.6796655062273934
3551,0.6571669529616615
3552,0.6563722405748965
3553,0.6548153154763429
3554,0.6667997044050795
3555,0.6834879714447208
3556,0.7081906277969854
3557,0.6959926555329713
3558,0.6676073326705386
3559,0.6412066560307641
3560,0.6731205083887568
3562,0.7137872026553813
3563,0.6821413807628693
3564,0.6760509514809602
3565,0.6883774202990881
3566,0.6715451794602894
3567,0.6845593307959157
3568,0.6820008346081455
3569,0.6577422872534335
3570,0.599038794831306
3571,0.5393049419283092
3572,0.5596662290624955
3573,0.6244230880525204
3574,0.6632554421222181
3575,0.6491064721659218
3576,0.6481067233394193
3577,0.6340037443011476
3578,0.6103936576469363
3579,0.6242185969912861
3580,0.6466572482477744
3581,0.6534122602237785
3582,0.6667114809504185
3583,0.6473893729382406
3584,0.6633792095266463
3585,0.6889349651052794
3586,0.6943756558331081
3587,0.6783008442736427
3588,0.6842646214882435
3589,0.6726797837544284
3590,0.6811985037130971
3607,0.6484680905285758
3608,0.6909203494921192
3609,0.6873298615506627
3610,0.6736929681048401
3611,0.6865619762332962
3612,0.6678721470242946
3613,0.6329254137227727
3614,0.6715609571930957
3615,0.6596971120331385
3616,0.622394165307344
3617,0.6172436469843542
3618,0.6106622594013622
3619,0.5770500188081109
3620,0.6073840645211254
3621,0.6304182280749776
3622,0.6430043511239064
3623,0.6937529582872378
3624,0.6845856900916162
3625,0.6873816895074601
3626,0.6904378570082657
3627,0.687984634121732
3628,0.6952221112518926
3629,0.697397047134168
3630,0.6965959465430166
3631,0.7076558895250231
3632,0.6777654305983148
3633,0.6944692287965415
3634,0.6431752400795828
3635,0.6555523340697234
3636,0.6281614175240999
3637,0.5587899238094884
3638,0.5794731866066184
3639,0.5639260984118973
3640,0.6360254436694642
3641,0.615122232933594
3642,0.599459484504052
3643,0.5812465906488711
3644,0.571130271635033
3645,0.5771220160283774
3646,0.5426666223338513
3647,0.6282480751422183
3648,0.6389386620111854
3649,0.6430510513581758
3650,0.6488413272214848
3651,0.6727206037656055
3652,0.6549147178840571
3653,0.6914931587071386
3654,0.6529278880562067
3655,0.6642094569452816
3656,0.690937599923856
3657,0.6745362735378951
3658,0.6484744562770118
3659,0.6693802418118506
3675,0.698876423705957
3676,0.7099875554648376
3678,0.7032576259289458
3679,0.657716215151018
3680,0.65928466388852
3681,0.6579926858676612
3682,0.6645630301385613
3683,0.6489251038970731
3684,0.556898031921177
3685,0.5850267954639199
3686,0.5906747912911274
3687,0.5485926842214729
3688,0.6243955739458936
3689,0.671134350099562
3690,0.6755112410370244
3691,0.7111911948408447
3692,0.700484336263687
3693,0.6975565191785451
3694,0.680966159778136
3695,0.704135322781733
3696,0.7086956766961789
3697,0.6792821363512526
3698,0.695684414216767
3699,0.7111171517192919
3700,0.6902274616019162
3701,0.7095665437720866
3702,0.6992736494379741
3703,0.6719758666538272
3704,0.6033746696702509
3705,0.49970012542415143
3706,0.6258673851959445
3707,0.6661198770677952
3708,0.7457706870282105
3709,0.6728209589614659
3710,0.6296491803069726
3711,0.5701341303304086
3712,0.5260548465162785
3713,0.5621299802729455
3714,0.5793990949881295
3715,0.6206794215652968
3716,0.6485915266789207
3717,0.645163607237269
3718,0.6397764390136725
3719,0.6629285123281733
3720,0.6592751582888956
3721,0.6572886846089119
3722,0.5755947418232096
3723,0.5810740940759693
3724,0.6225428663618073
3725,0.6237886587855449
3726,0.6385123051651355
3743,0.7122772763929871
3744,0.692705208496146
3745,0.6594538940306361
3746,0.6629838715869316
3747,0.6449688013987498
3748,0.6759602004431196
3749,0.6207378797227241
3750,0.6039898267862328
3751,0.6406417238876448
3752,0.6263225616219146
3753,0.5701341583877757
3754,0.5272095609716708
3755,0.555691222487941
3756,0.6242383809582072
3757,0.6917876720707912
3758,0.6858489289447098
3759,0.7037852181933225
3760,0.6879571150548573
3761,0.6789131569427665
3762,0.7019947939073616
3763,0.7100917711036917
3764,0.702846843234707
3765,0.7057867737437924
3767,0.7034116046424319
3768,0.6860470840265864
3769,0.688832965098757
3770,0.6560156522249257
3771,0.6848722634433317
3772,0.6320855032621737
3773,0.5254280779522725
3774,0.6482352229256237
3775,0.7079835164944365
3776,0.6404629872543398
3777,0.5893329613051216
3778,0.6438110506672039
3779,0.6391534855035077
3780,0.5665948619839251
3781,0.5627566786879132
3782,0.6177091432740184
3783,0.6253122348169484
3784,0.6460019513808926
3785,0.6484922565133849
3786,0.652696230201284
3787,0.6340228338349799
3788,0.6272769359504475
3789,0.5816930730064488
3790,0.5886679471034014
3791,0.555924661178658
3792,0.5535445966854172
3793,0.5541226036688491
3811,0.6891340593412884
3812,0.6211280430240976
3813,0.6228557067227853
3814,0.6641250281329394
3815,0.6872687405891409
3816,0.6748269046299885
3817,0.6334207707840985
3818,0.5763322553080902
3819,0.5213682587502114
3820,0.5816887320321886
3821,0.5773725170199904
3822,0.5791878771346903
3823,0.5791712538510978
3824,0.6317206745836159
3825,0.7053908924911552
3826,0.7010573212836546
3827,0.6552875920690208
3828,0.6148819113813174
3829,0.703282352778504
3830,0.7058289511441642
3831,0.6789877516951802
3832,0.6817762129688725
3833,0.696478239744428
3834,0.6973877706848225
3835,0.6956667585980459
3836,0.7049988481459935
3837,0.652568205684226
3838,0.6415332734346977
3839,0.6775199434016166
3840,0.6044917741728384
3841,0.6496157495649414
3842,0.7246873813557576
3843,0.6183525228222696
3844,0.6192821636009972
3845,0.6100682162266173
3846,0.6206389504957252
3847,0.6282333638038008
3848,0.5951827028516422
3849,0.6479561778832174
3850,0.6411568228243303
3851,0.6015719059474691
3852,0.5866033747338566
3853,0.6329377778566625
3854,0.6844943851999347
3855,0.6344103879764795
3856,0.5231047953605891
3857,0.5908726842512939
3858,0.6207326372855113
3859,0.6051586781868531
3860,0.585775944500315
3861,0.5471275878968556
3879,0.6354767219264787
3880,0.5596784707119531
3881,0.6176350526147483
3882,0.6039704082854357
3883,0.6318712145242642
3884,0.689182050530632
3885,0.696972452603601
3886,0.628255300438945
3887,0.6090984671163024
3888,0.6027832671513547
3889,0.5501952296928049
3890,0.5645915898498048
3891,0.5994468881622632
3892,0.6850524966659656
3895,0.6698811037929449
3896,0.5830157993136595
3897,0.6233822648364648
3898,0.6576578188831501
3899,0.6474202813570777
3900,0.6470488482009649
3901,0.7011958526637421
3902,0.683478275638323
3903,0.6939499506738274
3904,0.6909927766084895
3905,0.6057086402722995
3906,0.5899774236656419
3907,0.5637991297103312
3908,0.508232293933526
3909,0.6003028077519521
3910,0.5968125411699
3911,0.579409887388517
3912,0.6192747935392363
3913,0.6421048598894894
3914,0.6806918495451623
3915,0.6754186470964832
3916,0.6208636430669411
3917,0.6575589063634347
3918,0.6343933867021749
3919,0.5415806302621028
3920,0.5347469317967215
3921,0.5979829085184785
3922,0.67967962736891
3923,0.6368544868465439
3924,0.5283141169607262
3925,0.535869146922501
3926,0.5991623834692428
3927,0.6165750074729693
3928,0.6117018239592998
3929,0.5780287420218219
3948,0.6412256751604192
3949,0.6656742440232523
3950,0.6336190023823686
3951,0.6528773373365847
3952,0.7387068494302003
3953,0.6897922898595544
3954,0.6868813950059978
3955,0.669254998772436
3956,0.716751033916327
3957,0.5972125449749942
3958,0.5569522207168462
3959,0.6026723518698925
3960,0.6894321547564062
3961,0.706720125484464
3963,0.654320731081749
3964,0.6270628779338726
3965,0.6030636273808422
3966,0.5995860990641155
3967,0.6405140736752214
3968,0.6673842623719644
3969,0.6655787010947488
3970,0.659909771713044
3971,0.6875413042524153
3972,0.7027867412692644
3973,0.6698924207058925
3974,0.6221506470287393
3975,0.6139505129587085
3976,0.5891527095298766
3977,0.6060740746936869
3978,0.5143395424915516
3979,0.5706039419616136
3980,0.5686774653112275
3981,0.5845670741626069
3982,0.6889854223451141
3983,0.6873456195848998
3984,0.6122307757858996
3986,0.6625557016198752
3987,0.5686360237456385
3988,0.5377531874840833
3989,0.5741759835129795
3990,0.621923528108654
3991,0.5938595285642596
3992,0.5643452471365309
3993,0.5595091629112378
3994,0.6135289814030844
3995,0.6448257797343411
3996,0.6157425195770129
3997,0.5720849727871227
4016,0.6332701496919529
4017,0.6314069551096952
4018,0.6408441932070611
4019,0.6469666214051594
4020,0.6763687089275193
4024,0.6494107910461683
4025,0.6643163279420065
4026,0.6300814084963924
4027,0.6274056923843804
4028,0.6813958474608229
4029,0.7008054611248414
4030,0.6922275645140955
4031,0.6267343376882792
4032,0.6019270203361983
4033,0.6448685085242195
4034,0.597256713587919
4035,0.5716519058608707
4036,0.6519043562999567
4037,0.6098137671430423
4038,0.6242576373096305
4039,0.6683152177927909
4040,0.6911734579534208
4041,0.6414506255374353
4042,0.6117275038142347
4043,0.6725080833269511
4044,0.7115495319618418
4045,0.6406831607295961
4046,0.5752005019143109
4047,0.5613668460068749
4048,0.508841132910803
4049,0.4799224268745925
4050,0.624386581097028
4051,0.6716911507369658
4052,0.6359768381293185
4053,0.5748210476163284
4057,0.5255166348222862
4058,0.5809025798891506
4059,0.5930004027360268
4060,0.6315278242171702
4061,0.6357869765922144
4095,0.6410726454986398
4096,0.6851262919883456
4097,0.6760957393851402
4098,0.641801327128105
4099,0.6164504861510417
4100,0.6344107162239004
4101,0.6669133378981219
4102,0.6061149997561747
4103,0.5679221334439074
4104,0.5824558486303038
4105,0.6270573556917557
4106,0.6545392780130221
4107,0.6870650016703873
4108,0.6844996142434023
4109,0.5947253809317432
4110,0.5718468640194422
4111,0.6306936221058339
4112,0.6664696033887791
4113,0.5896817126061006
4114,0.5902635161200603
4115,0.6240338666758246
4116,0.5756663915842114
4117,0.47356787795680066
4118,0.5490449891748119
4119,0.6476540054464088
4120,0.6619854644900963
4121,0.6393376857458904
4122,0.5920057924614139
4127,0.5878206179745122
4128,0.5654408992286779
4129,0.5821156639743108
4163,0.6667350371064765
4164,0.6340042618511293
4165,0.6370514376089631
4166,0.7073430566440845
4167,0.6596857570905558
4168,0.65481214615755
4169,0.6426371870349943
4170,0.615101219495214
4171,0.6227297331650571
4172,0.646680016526231
4173,0.625321498491352
4174,0.6478414955588075
4175,0.6379649029397424
4176,0.6583359260334462
4177,0.5615227412842614
4178,0.5982076534837032
4179,0.5905111069081259
4180,0.5712345203523354
4181,0.5485375213719906
4182,0.5948343423061611
4183,0.6073078593618142
4184,0.6135264927893879
4185,0.5196610358004189
4186,0.5178729191971871
4187,0.5897465136662137
4188,0.6109169151542265
4189,0.615885525931423
4190,0.6349001628153433
4191,0.5812857128415703
4192,0.5873155577385482
4193,0.5999987121770367
4194,0.5272722615823046
4195,0.5230053331137903
4196,0.4799321691128394
4197,0.46007341318270706
4198,0.42380191369298276
4230,0.6857004027129412
4231,0.6556241871025833
4232,0.6232610734533487
4233,0.6741447068114975
4234,0.6825844050918509
4235,0.6288674431812399
4236,0.6290565204977222
4237,0.6527878074742888
4238,0.6572757846140365
4239,0.6514376880588023
4240,0.604243812139532
4241,0.549081822674019
4242,0.6055337190158436
4243,0.5541278901654106
4244,0.6136805461688793
4245,0.6065516392756615
4246,0.6050885902217388
4247,0.5694960878548623
4248,0.5367931478117547
4249,0.5237832519606855
4250,0.5475034092167765
4251,0.5780038180751557
4252,0.619365105077246
4253,0.5711912242126661
4254,0.5141947763686217
4255,0.4995117189908851
4256,0.6052517845200698
4257,0.6336925322422053
4258,0.6243733062865785
4259,0.617340995990682
4260,0.5949775775791818
4261,0.6399424903003131
4262,0.581841252787996
4263,0.5764343228986913
4264,0.5366858061176841
4265,0.47335153557920423
4266,0.43516924210557495
4267,0.4330465300972413
4268,0.43286393927308664
4295,0.5570947299822523
4296,0.6254317442574424
4297,0.6226884661167332
4298,0.6711260008544483
4299,0.6350348892420805
4300,0.651653488828704
4301,0.7094822586875462
4302,0.7132164440570397
4303,0.6820665388906323
4304,0.6744390666891501
4305,0.6562218171257636
4306,0.6686855514207246
4307,0.6716996194863989
4308,0.6236897872335748
4309,0.572421492392116
4310,0.5952430345619901
4311,0.5108263773466478
4312,0.5713988436168356
4313,0.6068492087612132
4314,0.5569078451305236
4315,0.5164140084648873
4316,0.4776612865428935
4317,0.5268976294345723
4318,0.5593069308496542
4319,0.5702564276524269
4320,0.6158193084422088
4321,0.6116911706321471
4322,0.577060476700545
4323,0.5687300857173527
4324,0.639638151846049
4325,0.6491580958005672
4326,0.6616475159391567
4327,0.6496778284415128
4328,0.6558193024924946
4329,0.630812163310212
4330,0.6077329892426978
4331,0.6139904943604274
4332,0.5338903022129751
4333,0.46913820961437125
4334,0.4460546182912022
4335,0.442041479084439
4336,0.4519326265615503
4363,0.5989032381093203
4364,0.5739707523870369
4365,0.609951735963085
4366,0.6273183999930967
4367,0.591495800755912
4368,0.6086345425784272
4369,0.6724383473043595
4370,0.708780693475621
4371,0.6862697537162715
4372,0.6737298862998623
4373,0.6673767900929368
4374,0.684650999298956
4375,0.7309314901938333
4376,0.650881343354568
4377,0.5953926813694239
4378,0.5757541214040752
4379,0.48786528228586834
4380,0.489957573949101
4381,0.5606240284822265
4382,0.5313555691108572
4383,0.5447034952457429
4384,0.5487805658111949
4385,0.5449460274897148
4386,0.5230790668106511
4387,0.5382561454317647
4388,0.524812871283048
4389,0.5411416965555492
4390,0.6019244560698097
4391,0.5757031019365075
4392,0.6615271352063835
4393,0.6566224042547812
4394,0.6535666242928453
4395,0.6472789280699712
4396,0.6671213455678631
4397,0.6174761527256604
4398,0.657737696725101
4399,0.6576501017163342
4400,0.6021202653214314
4401,0.5126785445980456
4402,0.5017148222014657
4403,0.5107478273119851
4431,0.5998174175499114
4432,0.5813158074256615
4433,0.6056624925371912
4434,0.6125895233408968
4435,0.6487398603894731
4436,0.6474180911139696
4437,0.6940549525324848
4438,0.7121511835199807
4440,0.6857032096661193
4441,0.6908190814501188
4442,0.7111817194187005
4443,0.7248001163014316
4444,0.6819815794155524
4445,0.6776377563615139
4446,0.6307840827498613
4447,0.5612506379348595
4448,0.548543539968083
4449,0.5837184824743072
4450,0.5520751366154504
4451,0.5393255512224046
4452,0.5707581066343399
4453,0.5504359349472476
4454,0.5215778433792903
4455,0.5174147584912002
4456,0.5211917393774503
4457,0.5173041813716334
4458,0.5785110655049368
4459,0.5740017729554154
4460,0.6505126783322638
4461,0.6645679860213083
4462,0.6302000522881579
4463,0.6282848093954817
4464,0.6880032553869834
4465,0.6538635655095187
4466,0.6607286102243439
4467,0.6716902076672648
4468,0.6078989442016666
4469,0.5686685010195786
4470,0.5762392018322979
4499,0.670306680112563
4500,0.5955842775961975
4501,0.554947302886443
4502,0.5487356159985791
4503,0.5609481927117177
4504,0.6592598758499598
4505,0.6937003547821635
4506,0.6882478707684416
4507,0.7024827987359679
4508,0.701695296892322
4509,0.6973940286952931
4510,0.7653927042623508
4511,0.7089182795047304
4512,0.6828831947349627
4513,0.6255352272012945
4514,0.558280790157676
4515,0.5814819545135653
4516,0.552183165454991
4517,0.5471751970233292
4518,0.5228633188473925
4519,0.519948995266536
4520,0.54550289828926
4521,0.5394878149729174
4522,0.5083478275495369
4523,0.4716601025641445
4524,0.5767552654364106
4525,0.4962122270102853
4526,0.5127527089167803
4527,0.519315174213509
4528,0.6034966999689854
4529,0.6486801615888134
4530,0.6405302175559364
4531,0.6470638446558398
4532,0.6701597792423972
4533,0.6545286645331787
4534,0.6359005984283496
4535,0.6848529963639809
4536,0.6451126562711244
4537,0.6030773849321495
4538,0.5763201497559641
4569,0.6078567186644849
4570,0.5760597780604158
4571,0.5563895468393225
4572,0.6861194905183121
4573,0.7167058904883754
4574,0.6722382442840046
4575,0.6581571024111544
4576,0.7109150701234066
4577,0.7082947584707144
4578,0.7084991907221883
4579,0.6617653687091402
4580,0.6795777542709079
4581,0.6249846090988871
4582,0.5597712261999975
4583,0.5601715110242389
4584,0.5726985657634942
4585,0.5517282421169637
4586,0.5294522107320325
4587,0.5432826002269552
4588,0.5292988368673767
4589,0.5340862507040319
4590,0.5476642834309727
4591,0.5155495516547087
4592,0.5977968141369051
4593,0.5583796222896739
4594,0.5299384952159265
4595,0.5159310832259695
4596,0.5940296131051728
4597,0.6571178022180806
4598,0.6077183090790861
4599,0.6300749925218465
4600,0.6616193666876127
4601,0.6543538351215753
4602,0.6331138145089412
4603,0.6599306366826516
4604,0.6241984096309048
4605,0.5857431451996078
4606,0.583180310304963
4638,0.6757013279024471
4639,0.6159442569766608
4640,0.6894664828616405
4641,0.6914057839836308
4642,0.665856776217863
4643,0.6599529651529636
4644,0.6789660647567638
4645,0.7060660316462452
4646,0.6809656360278535
4647,0.6374807210407896
4648,0.6311395816611719
4649,0.6060586971999615
4650,0.5930615702012004
4651,0.5361580859268301
4652,0.531696678286408
4653,0.538836749644919
4654,0.5528008926951724
4655,0.5342912785763665
4656,0.5254089379707885
4657,0.5355065492483982
4658,0.542497595474476
4659,0.48362572581461116
4660,0.5200988576273832
4661,0.6813202898486248
4662,0.5595058549881781
4663,0.5386193183347359
4664,0.6242205940684686
4665,0.6607775563507143
4666,0.6184470288735727
4667,0.6048733601375152
4668,0.6686147322764981
4669,0.6561811856738473
4670,0.6498903467772696
4671,0.6709337984956177
4672,0.608363414565613
4673,0.6081289884739881
4674,0.6376363256629792
4707,0.6846326055384745
4708,0.6967926055314574
4709,0.6971150856601608
4710,0.6845866207226627
4711,0.6728133233807001
4712,0.6776468017690354
4713,0.7136865646600193
4714,0.7105220545034708
4715,0.7254397167115734
4716,0.7278018140273549
4717,0.6001887144047708
4718,0.5556008946572658
4719,0.5287337340926547
4720,0.5250845241503167
4721,0.5490113895987394
4722,0.5818236505135296
4723,0.5516741779813307
4724,0.5255314730131366
4725,0.5490275726767221
4726,0.5502387551635064
4727,0.5535214418272532
4728,0.5331576488242985
4729,0.6649299313554661
4730,0.5995800789984701
4731,0.5184669337704826
4732,0.5565263786509045
4733,0.6374961435494721
4734,0.6184568854237471
4735,0.6304256020377786
4736,0.678140272554257
4737,0.6579712725986067
4738,0.6626246704215449
4739,0.6789262581270868
4740,0.6396461118122367
4741,0.6221023715285465
4742,0.6716876674418647
4777,0.7072468152154147
4778,0.6966275755782686
4779,0.6918701256671147
4780,0.7012378523881515
4781,0.7052917482461593
4782,0.7121314856222354
4783,0.7233916581058065
4784,0.7509140716968311
4785,0.6645159643445346
4786,0.577623401865143
4787,0.5866226571834352
4788,0.5458463744559298
4789,0.5517282503619801
4790,0.5916036210849466
4791,0.6041867203810327
4792,0.6023271792086814
4793,0.5754489668521621
4794,0.5729709632298742
4795,0.5806140800500268
4796,0.566130282360396
4797,0.600457948735649
4798,0.5865240251502061
4799,0.5754974915815799
4800,0.56819523937557
4801,0.6626202436785382
4802,0.6381782711179934
4803,0.6110096275207887
4804,0.628096183430368
4805,0.6488525117020879
4806,0.6783352598695516
4807,0.6695142340542699
4808,0.5895049124306125
4809,0.6132790705470773
4810,0.6488554274623849
4845,0.7041755983902146
4846,0.7066624526568245
4847,0.7100785057146592
4848,0.6991841130146031
4849,0.6755800334617735
4850,0.6967176418334448
4851,0.6888868297929029
4852,0.681681112939117
4853,0.6770900520762984
4854,0.656600518757828
4855,0.6182309038136737
4856,0.566947853425131
4857,0.5675983418117003
4858,0.5724946936356
4859,0.5619410126656733
4860,0.5673284855773183
4861,0.5965741984258464
4862,0.6269368177984201
4863,0.5041136481670562
4864,0.541856268667719
4865,0.6140846510083672
4866,0.6219959040740154
4867,0.6574834085624447
4868,0.6855089542805467
4869,0.707165415045017
4870,0.6529619005744559
4871,0.6042662669308279
4872,0.6388524123567099
4873,0.6759137365628235
4874,0.6815613732366113
4875,0.6081917502100999
4876,0.5680906464272895
4877,0.5946959930755669
4878,0.6288921639297531
4912,0.7036581941214194
4913,0.6927770361884656
4914,0.6809900476772317
4915,0.6116506708335558
4916,0.607434639694707
4917,0.5949254894419236
4920,0.684372395599878
4921,0.6969669304161524
4922,0.6648164904207744
4923,0.6509868895161567
4924,0.5529007931256608
4925,0.5390412343527526
4926,0.5350944384197609
4927,0.5525618642652826
4928,0.5434021877636064
4929,0.5633739876888998
4930,0.6051474010584215
4931,0.5481165703703487
4932,0.5117531336640679
4933,0.5203508403528722
4934,0.5158233635882457
4935,0.5198407903793516
4936,0.5922113626095203
4937,0.6503799248698027
4938,0.6818667284273285
4939,0.6699782539277042
4940,0.6699874376182666
4941,0.6687443579558696
4942,0.6809458045682875
4943,0.5934238720177288
4944,0.5135347980781554
4945,0.5121976802208067
4946,0.6230869293743562
4980,0.6899219011654276
4981,0.6860604107272605
4982,0.6805218218773784
4983,0.6463657552992487
4984,0.6411584051011822
4985,0.6742941508020119
4986,0.6596618840342385
4987,0.6575195659608385
4988,0.6794233440880215
4989,0.6873892449102137
4990,0.6777881561261156
4991,0.6733039528658143
4992,0.6384201888736852
4993,0.6066239917574815
4994,0.5912482234659278
4995,0.6016947571155097
4996,0.59112510454185
4997,0.5576299840684923
4998,0.5203113546715428
4999,0.636110171212081
5000,0.6034392934495372
5001,0.6081383543218669
5002,0.5748760595162026
5003,0.5725755715630162
5004,0.560161743769481
5005,0.6012072546026117
5006,0.6665817530844812
5007,0.656566519497833
5008,0.6251558932308552
5009,0.6704064098148804
5010,0.7113167379425487
5011,0.6834268551751991
5012,0.5009297970892949
5013,0.5113992096013837
5047,0.6811079972330376
5048,0.6877804281738394
5049,0.6870571031337048
5050,0.6858648690176399
5051,0.6731495557255514
5052,0.666067988661418
5053,0.6842655890622292
5054,0.6937530509688644
5055,0.6978758953096861
5056,0.7118186817505939
5057,0.7025298894519209
5058,0.6758974135561662
5059,0.6472654375277865
5060,0.6779595421506615
5061,0.6533120409047694
5062,0.6758907630508248
5063,0.6715658323882105
5064,0.5796745345311023
5065,0.5136619124210484
5066,0.5371442954183272
5067,0.6472124274228547
5068,0.6556997197160067
5069,0.613583226980073
5070,0.6427269054946814
5071,0.6922305150425836
5072,0.6991479058451864
5073,0.6435113177673853
5074,0.6600237083653191
5075,0.654559606031854
5076,0.6247712566910966
5077,0.6317607831983895
5078,0.67022635526487
5079,0.7128292602179161
5080,0.6247106355225819
5081,0.6142704688990089
5115,0.6833755224807295
5116,0.6924305949408939
5117,0.6997729163021514
5118,0.6897058437041897
5119,0.6773373276661505
5120,0.6822882399779457
5121,0.6996236137212477
5122,0.7018982556148308
5123,0.7092696840065775
5125,0.7007545634343433
5126,0.6896607366148179
5127,0.6986048856676558
5128,0.6839301538069527
5129,0.6566954974881254
5130,0.6644251750354062
5131,0.6845858794467016
5132,0.5811162769690587
5133,0.5707088729505914
5134,0.6699829364169521
5135,0.7005696611927322
5136,0.7086088990888127
5137,0.6792673121662446
5138,0.6013005432221207
5139,0.6992381970859963
5141,0.6463662639327109
5142,0.6480434735172158
5143,0.6093310961747591
5144,0.6030593843463802
5145,0.649404071486629
5146,0.6917831909866583
5147,0.6522401855378982
5148,0.623387921249096
5149,0.6322644543724778
5183,0.6936960076755984
5184,0.6937467259188355
5185,0.7009511997103507
5186,0.6870187944372378
5187,0.677973842596303
5188,0.6863392673181422
5189,0.71183333012504
5191,0.700812939214114
5192,0.7094879568993541
5193,0.6987225173978958
5194,0.6769789176714549
5195,0.6704788264222583
5196,0.6719201393222135
5197,0.6653175163159212
5198,0.6687391198112369
5199,0.6624204526735399
5200,0.6569456278377558
5201,0.668797008426207
5202,0.6846461740419837
5203,0.7088964721282816
5205,0.7049660872312284
5206,0.6059562968040001
5207,0.6507586220302971
5208,0.6937516472352551
5209,0.6587317512036622
5210,0.6552738379970883
5211,0.6107428542859447
5212,0.6065537467945294
5213,0.6929967967585382
5214,0.6819273780990731
5215,0.6437245346778979
5216,0.6303977025274856
5217,0.6405193854800928
5250,0.6900844863677115
5251,0.6826147206874007
5252,0.6855393537949354
5253,0.688385372855514
5254,0.6940815217810042
5255,0.695278516347361
5256,0.6861316322542641
5257,0.6929928524874857
5258,0.7046363254349495
5259,0.7142249214409259
5260,0.6951181055591742
5261,0.7082417559007839
5262,0.6950929212735593
5263,0.6845701196089279
5264,0.6909769075253317
5265,0.6940545394875652
5266,0.6630443032682297
5267,0.6698876329165869
5268,0.6801868272614113
5269,0.6040664895581048
5270,0.5932505208824967
5271,0.6245555682504687
5272,0.6852776370413788
5273,0.6937526495111277
5274,0.6117461213603465
5275,0.5867128445543267
5276,0.6406348137857526
5277,0.6767791825994645
5278,0.6717710230921682
5279,0.6537994599091353
5280,0.663527196739982
5281,0.6754136191154276
5282,0.6657783463332175
5283,0.6652127502626948
5284,0.6825883812919609
5285,0.6660044496814201
5318,0.6996783619786429
5319,0.6786086712183834
5320,0.6892467432480139
5321,0.6935274361126895
5322,0.6870375143212173
5323,0.691485998641696
5324,0.6944994305613809
5325,0.6839690849359233
5326,0.6804570332209386
5327,0.7081937376279687
5328,0.6978299949969297
5329,0.6904493622790877
5330,0.6849968021893639
5331,0.6909367843313644
5332,0.6795538319295044
5333,0.6663456942073592
5334,0.6666935391699615
5335,0.6852438427811907
5336,0.6847427853009745
5337,0.6744710220801742
5338,0.6717024003949879
5339,0.6765645451585748
5340,0.6288905967231628
5341,0.6813205316026417
5342,0.6929850700156042
5343,0.6667693931203108
5344,0.6734503156709328
5345,0.6883683793956197
5346,0.6759924694998245
5347,0.6219106551010134
5348,0.634542643772686
5349,0.6797706227578536
5350,0.6682377484027966
5351,0.6654766562802097
5352,0.6682661326829854
5385,0.6834325225893937
5386,0.6924213849491596
5387,0.6719594045988214
5388,0.6870505370988756
5389,0.7038447589853044
5390,0.687485512680932
5391,0.6913493847566892
5392,0.6902381207886933
5393,0.6712291810581861
5394,0.6608979107322667
5395,0.6760371759415238
5396,0.674382078876669
5397,0.6788220712268129
5398,0.6967572715331182
5399,0.6797483320565043
5400,0.6729138340948477
5401,0.663704116080537
5402,0.6475081752667682
5403,0.6481182670717115
5404,0.6865551155891538
5405,0.6989529587852261
5406,0.7290335560637144
5407,0.7885113461962374
5408,0.6371597935554332
5409,0.6697254294922655
5410,0.7058040967415408
5411,0.7053908367617727
5412,0.6712912865267842
5413,0.7003570885809347
5414,0.694433646647727
5415,0.6646410633353157
5416,0.6665767592218238
5417,0.6815105687550256
5418,0.6376519282521004
5419,0.6211160885433349
5420,0.6308205965312165
5453,0.6914547361274448
5454,0.6884683773650923
5455,0.6689616899954339
5456,0.6682727170678616
5457,0.6737403704253249
5458,0.6807636500778194
5459,0.6896886933463563
5460,0.6750038151283934
5461,0.6857866649835228
5462,0.6682328900424429
5463,0.6684675960792501
5464,0.6686939447156842
5465,0.6996890223826927
5466,0.7053928152194664
5467,0.6797799629800918
5468,0.6667370225382151
5469,0.6610185721477142
5470,0.6531031268808368
5471,0.673371656418179
5472,0.6820109275231516
5473,0.6897890530582033
5474,0.7135512796760085
5475,0.7673600889646486
5476,0.6020177921966574
5477,0.5636415184878621
5478,0.7048208635714746
5479,0.707212247335404
5480,0.7152655491988346
5482,0.6797497878395937
5483,0.6700403885953042
5484,0.66634708949582
5485,0.6848492024697386
5486,0.6316300499816886
5487,0.6431270788177244
5488,0.6400429391197802
5521,0.6939685090952926
5522,0.6700798581696242
5523,0.6509707508168656
5524,0.6547953165013913
5525,0.627750788596432
5526,0.6766535876681479
5527,0.6991623544421947
5528,0.7027703182223474
5529,0.7057804431011325
5530,0.679178489403191
5531,0.6701380220686087
5532,0.675431151711889
5533,0.7067040115202413
5534,0.6903878800498086
5535,0.6762809908146608
5536,0.6750321672214376
5537,0.657144150214716
5538,0.6826072254207859
5539,0.7014575480790944
5540,0.6963405419103179
5541,0.6733048495041399
5542,0.6612657162696763
5543,0.5705192015138727
5544,0.5538976657677479
5545,0.5494850317504917
5546,0.7004644309759332
5547,0.7018251387347502
5550,0.6746228283946323
5551,0.6959612322552156
5552,0.696060220396519
5553,0.6668283450263136
5554,0.6153556466372342
5555,0.6424713008222518
5556,0.6559348151806821
5589,0.6861403039562854
5590,0.6750866802029892
5591,0.6639839117176942
5592,0.66209595779774
5594,0.6817450793426036
5595,0.7058026108930472
5596,0.7063950540011481
5597,0.705296207060012
5598,0.6909081007468817
5599,0.6777213103093307
5600,0.6620462740848546
5601,0.6965805143279614
5602,0.6819320580154088
5603,0.6624095107266349
5604,0.623742541635086
5605,0.61489745124365
5606,0.6756723973741939
5607,0.7067304087085757
5610,0.6769978158377452
5611,0.6448434619233793
5612,0.6877749735936388
5613,0.5826410398004075
5614,0.691877067892396
5615,0.7099183038521986
5618,0.6853750136482113
5619,0.6879670254858329
5620,0.6969655092592003
5621,0.6777410908185053
5622,0.6516251660690862
5623,0.6555682863262475
5624,0.6791747675086416
5657,0.6909183103862451
5658,0.68235067501864
5659,0.6699928366592975
5660,0.6776013596389315
5661,0.6679964843639308
5662,0.6858651149369386
5663,0.7089942392423786
5664,0.7127236812495571
5665,0.7055890503268374
5666,0.6964983831655673
5667,0.681562041042256
5668,0.6873663752390621
5669,0.6732131242122652
5670,0.6711561570288858
5671,0.6480806307601267
5672,0.4780505829021403
5673,0.3557542341357652
5674,0.5709922821366555
5680,0.672166532330757
5681,0.6490259991329127
5682,0.6760626680578247
5683,0.7086187105577625
5684,0.7127263866061933
5685,0.6920314759867863
5686,0.6938264062964078
5687,0.6820304328778477
5688,0.6688187569495451
5689,0.6597295421404018
5690,0.6443277014575242
5691,0.6493258796751518
5727,0.68158070852805
5728,0.6879931959447967
5729,0.6781661391812264
5730,0.6960050180712148
5731,0.7135782850397498
5732,0.708204844383278
5733,0.7096742463058616
5734,0.7147655718847542
5735,0.7039977278559785
5736,0.6727751759081196
5737,0.6402574663708583
5738,0.7054137094156894
5739,0.6354143410229833
5740,0.4445905522041131
5741,0.5441405777185288
5748,0.6378981564801028
5749,0.6539606351191336
5750,0.665523787280794
5751,0.7008511152359092
5752,0.6899239900168656
5753,0.6964557531661184
5754,0.704824013277646
5756,0.6996461342242355
5757,0.6399116104612355
5758,0.6283537836753341
5759,0.6368371665329333
5795,0.6882073636807731
5796,0.6768937623807955
5797,0.6805892038328316
5798,0.6969615694941842
5799,0.7117882638431992
5800,0.6888375631050759
5801,0.6978719686522481
5802,0.6899114132468134
5803,0.6849757898140594
5804,0.5810104995265549
5805,0.5859194884353234
5806,0.6669746756071601
5807,0.4208863841888479
5808,0.21745539642420586
5809,0.2812743152914103
5816,0.6698983120644112
5817,0.6584196917353866
5818,0.703974293241443
5819,0.708568050610315
5820,0.6891837676842212
5821,0.668602225232187
5822,0.7100222132603926
5823,0.7142084674650216
5824,0.7136482960871889
5825,0.6415804193927549
5826,0.6345991525078916
5827,0.6712483918519134
5865,0.6889878159493044
5866,0.6926855384953895
5867,0.6987440760342108
5868,0.6887104972480008
5869,0.6651439387988952
5870,0.6624087188763218
5871,0.6345751479242698
5872,0.4863856216123685
5873,0.5550271015802765
5874,0.5700324552882501
5875,0.33875106451204606
5876,0.21802244738774557
5886,0.7165796841436112
5888,0.7099916613046142
5889,0.6820253141697377
5890,0.6963387435013065
5891,0.6629271015991273
5892,0.6902382083606379
5893,0.6420687134630548
5894,0.6416250809060482
5895,0.6768740310054981
5933,0.6965833999482052
5934,0.6924044070815455
5935,0.6867972720887504
5936,0.690854870144533
5937,0.6620791086886535
5938,0.6686559237054437
5939,0.6243591884490134
5940,0.5363073515537764
5941,0.6010160636487303
5958,0.6725364258815513
5959,0.6653430534677736
5960,0.689262463557867
5961,0.6378128567207904
5962,0.6453101350704953
5963,0.6399881002968631
6003,0.7050066697022543
6004,0.7059219763622158
6005,0.6881465870656639
6006,0.687460812786238
6007,0.6419141275737913
6029,0.6535133430724902
6030,0.6584725066389067
6072,0.6941166885155649
6073,0.7046916127987171
6140,0.7068718674759369
